course_no,section,title,classification,course_type,isLab,fields,areas,credit,theory,lab,remarks
BS606,01,시스템 뇌과학 개론 (이),교선필수,교과,이론,기초공학,MIREBraiN,4.0,4.0,0.0,영어강의(Delivered in English)
BS608,01,뇌질환 및 뇌의 질병 (이),교선필수,교과,이론,기초공학,MIREBraiN,4.0,4.0,0.0,영어강의(Delivered in English)
BS743,01,발생생물학 (이) ,교선필수,교과,이론,기초공학,MIREBraiN,3.0,3.0,0.0,영어강의(Delivered in English)
BS900,01,Thesis (이.공),교선필수,연구(Thesis),이론,기초공학,MIREBraiN,1.0,5.0,0.0,
BS900,02,Thesis (이.공),교선필수,연구(Thesis),이론,기초공학,MIREBraiN,1.0,5.0,0.0,
BS900,03,Thesis (이.공),교선필수,연구(Thesis),이론,기초공학,MIREBraiN,1.0,5.0,0.0,
BS900,04,Thesis (이.공),교선필수,연구(Thesis),이론,기초공학,MIREBraiN,1.0,5.0,0.0,
BS900,05,Thesis (이.공),교선필수,연구(Thesis),이론,기초공학,MIREBraiN,1.0,5.0,0.0,
BS900,06,Thesis (이.공),교선필수,연구(Thesis),이론,기초공학,MIREBraiN,1.0,5.0,0.0,
BS900,07,Thesis (이.공),교선필수,연구(Thesis),이론,기초공학,MIREBraiN,1.0,5.0,0.0,
BS900,08,Thesis (이.공),교선필수,연구(Thesis),이론,기초공학,MIREBraiN,1.0,5.0,0.0,
BS900,09,Thesis (이.공),교선필수,연구(Thesis),이론,기초공학,MIREBraiN,1.0,5.0,0.0,
BS900,10,Thesis (이.공),교선필수,연구(Thesis),이론,기초공학,MIREBraiN,1.0,5.0,0.0,
BS900,11,Thesis (이.공),교선필수,연구(Thesis),이론,기초공학,MIREBraiN,1.0,5.0,0.0,
BS900,12,Thesis (이.공),교선필수,연구(Thesis),이론,기초공학,MIREBraiN,1.0,5.0,0.0,
BS900,13,Thesis (이.공),교선필수,연구(Thesis),이론,기초공학,MIREBraiN,1.0,5.0,0.0,
BS900,14,Thesis (이.공),교선필수,연구(Thesis),이론,기초공학,MIREBraiN,1.0,5.0,0.0,
BS900,15,Thesis (이.공),교선필수,연구(Thesis),이론,기초공학,MIREBraiN,1.0,5.0,0.0,
BS900,16,Thesis (이.공),교선필수,연구(Thesis),이론,기초공학,MIREBraiN,1.0,5.0,0.0,
CR522,01,융복합 생리학(이.공),교선필수,교과,이론,기초공학,MIREBraiN,3.0,3.0,0.0,
CR527,01,융복합 영상학 개론 (이.공),교선필수,교과,이론,기초공학,MIREBraiN,3.0,3.0,0.0,영어강의(Delivered in English)
EM620,01,고급 고체물리학 Ⅰ (이.공),교선필수,교과,이론,기초공학,MIREBraiN,3.0,3.0,0.0,영어강의(Delivered in English)
EM625,01,고급 양자역학 Ⅰ (이),교선필수,교과,이론,기초공학,MIREBraiN,3.0,3.0,0.0,영어강의(Delivered in English)
EM675,01,고급 무기화학 Ⅰ (이.공),교선필수,교과,이론,기초공학,MIREBraiN,3.0,3.0,0.0,영어강의(Delivered in English)
EM713,01,자성체소재(이.공),교선필수,교과,이론,기초공학,MIREBraiN,3.0,3.0,0.0,영어강의(Delivered in English)
EM900,01,Thesis (이.공),교선필수,연구(Thesis),이론,기초공학,MIREBraiN,1.0,5.0,0.0,
EM900,02,Thesis (이.공),교선필수,연구(Thesis),이론,기초공학,MIREBraiN,1.0,5.0,0.0,
EM900,03,Thesis (이.공),교선필수,연구(Thesis),이론,기초공학,MIREBraiN,1.0,5.0,0.0,
EM900,04,Thesis (이.공),교선필수,연구(Thesis),이론,기초공학,MIREBraiN,1.0,5.0,0.0,
EM900,05,Thesis (이.공),교선필수,연구(Thesis),이론,기초공학,MIREBraiN,1.0,5.0,0.0,
EM900,06,Thesis (이.공),교선필수,연구(Thesis),이론,기초공학,MIREBraiN,1.0,5.0,0.0,
EM900,07,Thesis (이.공),교선필수,연구(Thesis),이론,기초공학,MIREBraiN,1.0,5.0,0.0,
EM900,08,Thesis (이.공),교선필수,연구(Thesis),이론,기초공학,MIREBraiN,1.0,5.0,0.0,
EM900,09,Thesis (이.공),교선필수,연구(Thesis),이론,기초공학,MIREBraiN,1.0,5.0,0.0,
EM900,10,Thesis (이.공),교선필수,연구(Thesis),이론,기초공학,MIREBraiN,1.0,5.0,0.0,
EM900,11,Thesis (이.공),교선필수,연구(Thesis),이론,기초공학,MIREBraiN,1.0,5.0,0.0,
EM900,12,Thesis (이.공),교선필수,연구(Thesis),이론,기초공학,MIREBraiN,1.0,5.0,0.0,
EM900,13,Thesis (이.공),교선필수,연구(Thesis),이론,기초공학,MIREBraiN,1.0,5.0,0.0,
EM900,14,Thesis (이.공),교선필수,연구(Thesis),이론,기초공학,MIREBraiN,1.0,5.0,0.0,
EM900,15,Thesis (이.공),교선필수,연구(Thesis),이론,기초공학,MIREBraiN,1.0,5.0,0.0,
ES601,01,열역학 (이.공) ,교선필수,교과,이론,기초공학,MIREBraiN,3.0,3.0,0.0,영어강의(Delivered in English)
ES725,01,에너지 재료 전산모사(이.공),교선필수,교과,이론,기초공학,MIREBraiN,3.0,3.0,0.0,영어강의(Delivered in English)
ES733,01,촉매화학 (이.공),교선필수,교과,이론,기초공학,MIREBraiN,3.0,3.0,0.0,영어강의(Delivered in English)
ES900,01,Thesis (이.공),교선필수,연구(Thesis),이론,기초공학,MIREBraiN,1.0,5.0,0.0,
ES900,02,Thesis (이.공),교선필수,연구(Thesis),이론,기초공학,MIREBraiN,1.0,5.0,0.0,
ES900,03,Thesis (이.공),교선필수,연구(Thesis),이론,기초공학,MIREBraiN,1.0,5.0,0.0,
ES900,04,Thesis (이.공),교선필수,연구(Thesis),이론,기초공학,MIREBraiN,1.0,5.0,0.0,
ES900,05,Thesis (이.공),교선필수,연구(Thesis),이론,기초공학,MIREBraiN,1.0,5.0,0.0,
ES900,06,Thesis (이.공),교선필수,연구(Thesis),이론,기초공학,MIREBraiN,1.0,5.0,0.0,
ES900,07,Thesis (이.공),교선필수,연구(Thesis),이론,기초공학,MIREBraiN,1.0,5.0,0.0,
ES900,08,Thesis (이.공),교선필수,연구(Thesis),이론,기초공학,MIREBraiN,1.0,5.0,0.0,
ES900,09,Thesis (이.공),교선필수,연구(Thesis),이론,기초공학,MIREBraiN,1.0,5.0,0.0,
ES900,10,Thesis (이.공),교선필수,연구(Thesis),이론,기초공학,MIREBraiN,1.0,5.0,0.0,
ES900,11,Thesis (이.공),교선필수,연구(Thesis),이론,기초공학,MIREBraiN,1.0,5.0,0.0,
ES900,12,Thesis (이.공),교선필수,연구(Thesis),이론,기초공학,MIREBraiN,1.0,5.0,0.0,
ES900,13,Thesis (이.공),교선필수,연구(Thesis),이론,기초공학,MIREBraiN,1.0,5.0,0.0,
ES900,14,Thesis (이.공),교선필수,연구(Thesis),이론,기초공학,MIREBraiN,1.0,5.0,0.0,
ES900,15,Thesis (이.공),교선필수,연구(Thesis),이론,기초공학,MIREBraiN,1.0,5.0,0.0,
HL101,01,비교역사학,공통필수,교과,이론,인문소양,인문사회,3.0,3.0,0.0,2014~2017학번만 신청 가능
HL101,02,비교역사학,공통필수,교과,이론,인문소양,인문사회,3.0,3.0,0.0,2014~2017학번만 신청 가능
HL101a,01,비교역사학,공통필수,교과,이론,인문소양,인문사회,3.0,3.0,0.0,2018학번 이후 학번만 신청 가능
HL101a,02,비교역사학,공통필수,교과,이론,인문소양,인문사회,3.0,3.0,0.0,2018학번 이후 학번만 신청 가능
HL104,01,음악 II - 합창,공통필수,교과,실습,인문소양,음악,1.0,0.0,2.0,
HL104,02,음악 II - 합창,공통필수,교과,실습,인문소양,음악,1.0,0.0,2.0,
HL104,03,음악 II - 보컬,공통필수,교과,실습,인문소양,음악,1.0,0.0,2.0,
HL104,04,음악 II - 바이올린,공통필수,교과,실습,인문소양,음악,1.0,0.0,2.0,
HL104,05,음악 II - 바이올린(심화),공통필수,교과,실습,인문소양,음악,1.0,0.0,2.0,
HL104,06,음악 II - 앙상블,공통필수,교과,실습,인문소양,음악,1.0,0.0,2.0,
HL104,07,음악 II - 첼로,공통필수,교과,실습,인문소양,음악,1.0,0.0,2.0,
HL104,08,음악 II - 클라리넷,공통필수,교과,실습,인문소양,음악,1.0,0.0,2.0,
HL104,09,음악 II - 클라리넷,공통필수,교과,실습,인문소양,음악,1.0,0.0,2.0,
HL104,10,음악 II - 피아노,공통필수,교과,실습,인문소양,음악,1.0,0.0,2.0,
HL104,11,음악 II - 피아노,공통필수,교과,실습,인문소양,음악,1.0,0.0,2.0,
HL104,12,음악 II - 피아노앙상블 (4 Hands),공통필수,교과,실습,인문소양,음악,1.0,0.0,2.0,
HL104,13,음악 II - 바이올린,공통필수,교과,실습,인문소양,음악,1.0,0.0,2.0,
HL104,14,음악 II - 바이올린,공통필수,교과,실습,인문소양,음악,1.0,0.0,2.0,
HL104,15,음악 II - 클래식 기타,공통필수,교과,실습,인문소양,음악,1.0,0.0,2.0,
HL104,16,음악 II - 클래식 기타,공통필수,교과,실습,인문소양,음악,1.0,0.0,2.0,
HL104,17,음악 II - 클래식 기타,공통필수,교과,실습,인문소양,음악,1.0,0.0,2.0,
HL106,01,체육 II - 태권도 겨루기,공통필수,교과,실습,인문소양,체육,1.0,0.0,2.0,
HL106,02,체육 II - 태권도 겨루기,공통필수,교과,실습,인문소양,체육,1.0,0.0,2.0,
HL106,03,체육 II - 태권도 겨루기,공통필수,교과,실습,인문소양,체육,1.0,0.0,2.0,
HL106,04,체육 II - 태권도 겨루기,공통필수,교과,실습,인문소양,체육,1.0,0.0,2.0,
HL106,05,체육 II - 축구,공통필수,교과,실습,인문소양,체육,1.0,0.0,2.0,
HL106,06,체육 II - 테니스,공통필수,교과,실습,인문소양,체육,1.0,0.0,2.0,
HL106,07,체육 II - 테니스,공통필수,교과,실습,인문소양,체육,1.0,0.0,2.0,
HL106,08,체육 II - 배드민턴,공통필수,교과,실습,인문소양,체육,1.0,0.0,2.0,
HL106,09,체육 II - 배드민턴,공통필수,교과,실습,인문소양,체육,1.0,0.0,2.0,
HL106,10,체육 II - 수영,공통필수,교과,실습,인문소양,체육,1.0,0.0,2.0,
HL106,11,체육 II - 수영,공통필수,교과,실습,인문소양,체육,1.0,0.0,2.0,
HL106,12,체육 II - 재활-웨이트트레이닝,공통필수,교과,실습,인문소양,체육,1.0,0.0,2.0,
HL106,13,체육 II - 재활-웨이트트레이닝,공통필수,교과,실습,인문소양,체육,1.0,0.0,2.0,
HL111,01,쓰기·읽기·말하기,공통필수,교과,이론,인문소양,인문사회,3.0,3.0,0.0,2014~2017학번만 신청 가능
HL111,02,쓰기·읽기·말하기,공통필수,교과,이론,인문소양,인문사회,3.0,3.0,0.0,2014~2017학번만 신청 가능
HL111,03,쓰기·읽기·말하기,공통필수,교과,이론,인문소양,인문사회,3.0,3.0,0.0,2014~2017학번만 신청 가능
HL111,04,쓰기·읽기·말하기,공통필수,교과,이론,인문소양,인문사회,3.0,3.0,0.0,2014~2017학번만 신청 가능
HL111a,01,쓰기·읽기·말하기,공통필수,교과,이론,인문소양,인문사회,3.0,3.0,0.0,2018학번 이후 학번만 신청 가능
HL111a,02,쓰기·읽기·말하기,공통필수,교과,이론,인문소양,인문사회,3.0,3.0,0.0,2018학번 이후 학번만 신청 가능
HL111a,03,쓰기·읽기·말하기,공통필수,교과,이론,인문소양,인문사회,3.0,3.0,0.0,2018학번 이후 학번만 신청 가능
HL111a,04,쓰기·읽기·말하기,공통필수,교과,이론,인문소양,인문사회,3.0,3.0,0.0,2018학번 이후 학번만 신청 가능
HL203,01,English for Science Leaders II,공통필수,교과,이론,DGIST특성화,English for Science Leaders,2.0,3.0,0.0,영어강의(Delivered in English)
HL203,02,English for Science Leaders II,공통필수,교과,이론,DGIST특성화,English for Science Leaders,2.0,3.0,0.0,영어강의(Delivered in English)
HL203,03,English for Science Leaders II,공통필수,교과,이론,DGIST특성화,English for Science Leaders,2.0,3.0,0.0,영어강의(Delivered in English)
HL203,04,English for Science Leaders II,공통필수,교과,이론,DGIST특성화,English for Science Leaders,2.0,3.0,0.0,영어강의(Delivered in English)
HL203,05,English for Science Leaders II,공통필수,교과,이론,DGIST특성화,English for Science Leaders,2.0,3.0,0.0,영어강의(Delivered in English)
HL203,06,English for Science Leaders II,공통필수,교과,이론,DGIST특성화,English for Science Leaders,2.0,3.0,0.0,영어강의(Delivered in English)
HL203,07,English for Science Leaders II,공통필수,교과,이론,DGIST특성화,English for Science Leaders,2.0,3.0,0.0,영어강의(Delivered in English)
HL203,08,English for Science Leaders II,공통필수,교과,이론,DGIST특성화,English for Science Leaders,2.0,3.0,0.0,영어강의(Delivered in English)
HL203,09,English for Science Leaders II,공통필수,교과,이론,DGIST특성화,English for Science Leaders,2.0,3.0,0.0,영어강의(Delivered in English)
HL203,10,English for Science Leaders II,공통필수,교과,이론,DGIST특성화,English for Science Leaders,2.0,3.0,0.0,영어강의(Delivered in English)
HL204,01,동서양 철학의 통시적 이해,공통필수,교과,이론,인문소양,인문사회,3.0,3.0,0.0,동일과목 : (HL102) 동서양 철학의 통시적 이해 / 2014~2017학번만 신청 가능
HL204,02,동서양 철학의 통시적 이해,공통필수,교과,이론,인문소양,인문사회,3.0,3.0,0.0,동일과목 : (HL102) 동서양 철학의 통시적 이해 / 2014~2017학번만 신청 가능
HL204a,01,동서양 철학의 통시적 이해,공통필수,교과,이론,인문소양,인문사회,3.0,3.0,0.0,2018학번 이후 학번만 신청 가능
HL204a,02,동서양 철학의 통시적 이해,공통필수,교과,이론,인문소양,인문사회,3.0,3.0,0.0,2018학번 이후 학번만 신청 가능
HL206,01,리더십(셀프리더십과 팀리더십) II,공통필수,교과,이론,DGIST특성화,리더십,1.0,2.0,0.0,동일과목 : (HL110) 리더십(셀프리더십과 팀리더십) II
HL206,02,리더십(셀프리더십과 팀리더십) II,공통필수,교과,이론,DGIST특성화,리더십,1.0,2.0,0.0,동일과목 : (HL110) 리더십(셀프리더십과 팀리더십) II
HL270a,01,융합탐구세미나 - 에너지,교선필수,교과,이론,DGIST특성화,융복합(UGRP/기타),2.0,2.0,0.0,
HL270a,02,융합탐구세미나 - Fundamentals of Innovation,교선필수,교과,이론,DGIST특성화,융복합(UGRP/기타),2.0,2.0,0.0,영어강의(Delivered in English)
HL301,01,Scientific Writing,공통필수,교과,이론,DGIST특성화,Scientific Writing,2.0,2.0,0.0,영어강의(Delivered in English)
HL301,02,Scientific Writing,공통필수,교과,이론,DGIST특성화,Scientific Writing,2.0,2.0,0.0,영어강의(Delivered in English)
HL301,03,Scientific Writing,공통필수,교과,이론,DGIST특성화,Scientific Writing,2.0,2.0,0.0,영어강의(Delivered in English)
HL301,04,Scientific Writing,공통필수,교과,이론,DGIST특성화,Scientific Writing,2.0,2.0,0.0,영어강의(Delivered in English)
HL301,05,Scientific Writing,공통필수,교과,이론,DGIST특성화,Scientific Writing,2.0,2.0,0.0,영어강의(Delivered in English)
HL301,06,Scientific Writing,공통필수,교과,이론,DGIST특성화,Scientific Writing,2.0,2.0,0.0,영어강의(Delivered in English)
HL301,07,Scientific Writing,공통필수,교과,이론,DGIST특성화,Scientific Writing,2.0,2.0,0.0,영어강의(Delivered in English)
HL303,01,UGRP II - 약리 활성 물질의 경피 전달 전략 연구 및 전달물질 개발,공통필수,교과,이론,DGIST특성화,융복합(UGRP/기타),3.0,3.0,0.0,
HL303,02,UGRP II - 나노입자를 이용한 고분해능 막단백질의 동적 거동의 관찰,공통필수,교과,이론,DGIST특성화,융복합(UGRP/기타),3.0,3.0,0.0,
HL303,03,"UGRP II - 생체 활동성 증진을 위한 운동신경, 근육세포 제어 및 기전 연구",공통필수,교과,이론,DGIST특성화,융복합(UGRP/기타),3.0,3.0,0.0,
HL303,04,UGRP II - 액션 카메라를 이용한 사회행동 중 생쥐 시점 분석 연구,공통필수,교과,이론,DGIST특성화,융복합(UGRP/기타),3.0,3.0,0.0,
HL303,05,UGRP II - 리만 제타함수의 이해,공통필수,교과,이론,DGIST특성화,융복합(UGRP/기타),3.0,3.0,0.0,
HL303,06,"UGRP II - 일회용 플라스틱, 빨대를 위한 친환경 셀룰로오스, 지방산 유래 바이오매스 고분자 소재 개발",공통필수,교과,이론,DGIST특성화,융복합(UGRP/기타),3.0,3.0,0.0,
HL303,07,UGRP II - PDK1 활성 향상 기반 근기능 개선 물질 발굴,공통필수,교과,이론,DGIST특성화,융복합(UGRP/기타),3.0,3.0,0.0,
HL303,08,UGRP II - 다공성 유무기하이브리드 소재 합성 및 이의 응용 연구,공통필수,교과,이론,DGIST특성화,융복합(UGRP/기타),3.0,3.0,0.0,
HL303,09,UGRP II - 노화에 의한 단백질 구조 변화와 그로 인해 나타나는 질병 기전 연구,공통필수,교과,이론,DGIST특성화,융복합(UGRP/기타),3.0,3.0,0.0,
HL303,10,UGRP II - 학부생을 위한 양자광학,공통필수,교과,이론,DGIST특성화,융복합(UGRP/기타),3.0,3.0,0.0,
HL303,11,UGRP II - 스트레스에 의한 해마 인지유연성 조절에 관한 행동학적 연구,공통필수,교과,이론,DGIST특성화,융복합(UGRP/기타),3.0,3.0,0.0,
HL303,12,UGRP II - 금속이온-유기리간드의 자기조립을 통한 다공성 분자구조체 합성 및 응용 연구,공통필수,교과,이론,DGIST특성화,융복합(UGRP/기타),3.0,3.0,0.0,
HL303,13,UGRP II - 휘어진 공간에서의 양자장론,공통필수,교과,이론,DGIST특성화,융복합(UGRP/기타),3.0,3.0,0.0,
HL303,14,UGRP II - 생체모방화학을 통한 생명화학 반응 연구 ,공통필수,교과,이론,DGIST특성화,융복합(UGRP/기타),3.0,3.0,0.0,
HL303,15,"UGRP II - 단백질분해와 세포노화의 기능적 연관성, 그리고 단백질 분해 조절 약물의 처리를 통한 세포노화 조절 연구",공통필수,교과,이론,DGIST특성화,융복합(UGRP/기타),3.0,3.0,0.0,
HL303,16,UGRP II - 엑소좀 구성물질 분석을 통한 암줄기세포 기원과 암세포 초기발생과정 규명,공통필수,교과,이론,DGIST특성화,융복합(UGRP/기타),3.0,3.0,0.0,
HL303,17,UGRP II - 학생 심리검사에 활용 가능한 EEG/ECG 측정 장치 개발,공통필수,교과,이론,DGIST특성화,융복합(UGRP/기타),3.0,3.0,0.0,
HL303,18,UGRP II - 나노 에너지의 개발과 메커니즘 이해(A),공통필수,교과,이론,DGIST특성화,융복합(UGRP/기타),3.0,3.0,0.0,
HL303,19,UGRP II - 나노 에너지의 개발과 메커니즘 이해(B),공통필수,교과,이론,DGIST특성화,융복합(UGRP/기타),3.0,3.0,0.0,
HL303,20,UGRP II - 운영 조건에 따른 리튬이차전지 열화 거동 분석 및 진단 기술 도출,공통필수,교과,이론,DGIST특성화,융복합(UGRP/기타),3.0,3.0,0.0,
HL303,21,UGRP II - 단펄스 광원을 활용한 internet of things (IoT) 응용 소자에 대한 연구,공통필수,교과,이론,DGIST특성화,융복합(UGRP/기타),3.0,3.0,0.0,
HL303,22,UGRP II - 차세대에너지변환소자용 슈퍼이온전도성 고체전해질 신소재 개발,공통필수,교과,이론,DGIST특성화,융복합(UGRP/기타),3.0,3.0,0.0,
HL303,23,UGRP II - 자율주행 자동차를 위한 실시간 스케줄링 기술 개발 ,공통필수,교과,이론,DGIST특성화,융복합(UGRP/기타),3.0,3.0,0.0,
HL303,24,UGRP II - 곤충애벌레로부터 분리된 플라스틱 분해 장내 미생물을 이용한 친 환경 플라스틱 제거 기술 개발,공통필수,교과,이론,DGIST특성화,융복합(UGRP/기타),3.0,3.0,0.0,
HL303,25,UGRP II - 컴퓨터 시스템 보안의 이해와 안전한 컴퓨터 시스템 설계,공통필수,교과,이론,DGIST특성화,융복합(UGRP/기타),3.0,3.0,0.0,
HL303,26,UGRP II - 자율주행자동차 센서 융합 및 통합 주행제어 알고리즘 개발,공통필수,교과,이론,DGIST특성화,융복합(UGRP/기타),3.0,3.0,0.0,
HL303,27,UGRP II - 강화학습을 이용한 에너지 효율적인 초고밀도 네트워크 디자인,공통필수,교과,이론,DGIST특성화,융복합(UGRP/기타),3.0,3.0,0.0,
HL303,28,UGRP II - 3D 바이오프린터를 이용한 복합구동 (전기장 /자기장) 하이드로젤 마이크로로봇 제작,공통필수,교과,이론,DGIST특성화,융복합(UGRP/기타),3.0,3.0,0.0,
HL303,29,UGRP II - 고속 주행가능한 4족 로봇개발 연구,공통필수,교과,이론,DGIST특성화,융복합(UGRP/기타),3.0,3.0,0.0,
HL303,30,UGRP II - 인지 감각형 후각 센서 개발,공통필수,교과,이론,DGIST특성화,융복합(UGRP/기타),3.0,3.0,0.0,
HL303,31,UGRP II - 고전하이동도 유기 반도체를 이용한 고선형동적범위 이미지 센서의 개발,공통필수,교과,이론,DGIST특성화,융복합(UGRP/기타),3.0,3.0,0.0,
HL303,32,UGRP II - 강화학습을 위한 meta-learning algorithm 개발,공통필수,교과,이론,DGIST특성화,융복합(UGRP/기타),3.0,3.0,0.0,
HL303,33,UGRP II - 탄성계수를 조절할 수 있는 추진기를 가지는 생체모방 수중 유영 로봇에 관한 연구,공통필수,교과,이론,DGIST특성화,융복합(UGRP/기타),3.0,3.0,0.0,
HL303,34,UGRP II - 전기자동차 구동 시스템의 효율 향상에 관한 실험적 연구,공통필수,교과,이론,DGIST특성화,융복합(UGRP/기타),3.0,3.0,0.0,
HL303,35,UGRP II - 전상담 데이터 기반의 대화형 챗봇의 인터랙션 방식을 통한 챗봇의 설계 및 개발,공통필수,교과,이론,DGIST특성화,융복합(UGRP/기타),3.0,3.0,0.0,
HL303,36,UGRP II - 산업용 로봇의 힘/위치 제어 연동 모션 제어 원천기술 연구,공통필수,교과,이론,DGIST특성화,융복합(UGRP/기타),3.0,3.0,0.0,
HL303,37,UGRP II - 빙판길에서 웨어러블 로봇의 보행 안정화 알고리즘 개발,공통필수,교과,이론,DGIST특성화,융복합(UGRP/기타),3.0,3.0,0.0,
HL303,38,UGRP II - 항체공학을 이용한 차세대 면역 항암체 개발,공통필수,교과,이론,DGIST특성화,융복합(UGRP/기타),3.0,3.0,0.0,
HL303,39,UGRP II - 혁신사회의 탄생,공통필수,교과,이론,DGIST특성화,융복합(UGRP/기타),3.0,3.0,0.0,
HL303,40,UGRP II - 과학관의 전시기획 연구 및 전시물 디자인을 위한 프로젝트 ,공통필수,교과,이론,DGIST특성화,융복합(UGRP/기타),3.0,3.0,0.0,
HL303,41,UGRP II - DGIST 일대 조류 모니터링의 시민참여과학 프로그램으로의 활용,공통필수,교과,이론,DGIST특성화,융복합(UGRP/기타),3.0,3.0,0.0,
HL303,42,UGRP II - 수강 신청 솔루션 개발,공통필수,교과,이론,DGIST특성화,융복합(UGRP/기타),3.0,3.0,0.0,
HL305,01,글로벌리더십 (리더십 실습) II,공통필수,교과,이론,DGIST특성화,리더십,1.0,2.0,0.0,
HL305,02,글로벌리더십 (리더십 실습) II,공통필수,교과,이론,DGIST특성화,리더십,1.0,2.0,0.0,
HL306,01,기업가 정신과 사회적 책임,공통필수,교과,이론및실습,인문소양,기술경영,3.0,2.0,1.0,"동일과목 : (HL202) 기업가 정신과 사회적 책임, 2014~2017학번만 신청 가능"
HL306,02,기업가 정신과 사회적 책임,공통필수,교과,이론및실습,인문소양,기술경영,3.0,2.0,1.0,"동일과목 : (HL202) 기업가 정신과 사회적 책임, 2014~2017학번만 신청 가능"
HL306a,01,기업가 정신과 사회적 책임,공통필수,교과,이론및실습,인문소양,기술경영,3.0,2.0,1.0,2018학번 이후 학번만 신청 가능
HL306a,02,기업가 정신과 사회적 책임,공통필수,교과,이론및실습,인문소양,기술경영,3.0,2.0,1.0,2018학번 이후 학번만 신청 가능
HL320,01,근대 사회와 사상,교선필수,교과,이론,인문소양,인문사회,3.0,3.0,0.0,
HL321,01,현대 사회와 윤리,교선필수,교과,이론,인문소양,인문사회,3.0,3.0,0.0,
HL322,01,법과 사회,교선필수,교과,이론,인문소양,인문사회,3.0,3.0,0.0,
HL323,01,동서양문학의 이해,교선필수,교과,이론,인문소양,인문사회,3.0,3.0,0.0,
HL324,01,소설의 이해,교선필수,교과,이론,인문소양,인문사회,3.0,3.0,0.0,
HL325,01,글로벌 정치경제,교선필수,교과,이론,인문소양,인문사회,3.0,3.0,0.0,
HL326,01,경제학 입문,교선필수,교과,이론,인문소양,인문사회,3.0,3.0,0.0,
HL327,01,과학기술과 현대사회,교선필수,교과,이론,인문소양,인문사회,3.0,3.0,0.0,
HL328,01,과학기술사의 주요장면,교선필수,교과,이론,인문소양,인문사회,3.0,3.0,0.0,
HL329,01,과학철학의 쟁점,교선필수,교과,이론,인문소양,인문사회,3.0,3.0,0.0,
HL330,01,인문사회과학 특강,교선필수,교과,이론,인문소양,인문사회,2.0,2.0,0.0,
HL330,02,인문사회과학 특강,교선필수,교과,이론,인문소양,인문사회,2.0,2.0,0.0,
HL331a,01,비판적 사고와 글쓰기,교선필수,교과,이론,인문소양,인문사회,3.0,3.0,0.0,
HL338,01,언어학입문,교선필수,교과,이론,인문소양,인문사회,3.0,3.0,0.0,
HL344,01,"인문학특강 - 마음, 두뇌, 컴퓨터 - 현대 심리철학",교선필수,교과,이론,인문소양,인문사회,3.0,3.0,0.0,
HL344,02,인문학특강 - 산업과 법,교선필수,교과,이론,인문소양,인문사회,3.0,3.0,0.0,
HL345,01,한국정치의 이해 ,교선필수,교과,이론,인문소양,인문사회,3.0,3.0,0.0,
HL346,01,한국 사회의 이해,교선필수,교과,이론,인문소양,인문사회,3.0,3.0,0.0,
HL370a,01,생체분자론(이론),교선필수,교과,이론,DGIST특성화,융복합(UGRP/기타),2.0,2.0,0.0,영어강의(Delivered in English)
HL370b,01,생체분자론(실습),교선필수,교과,실습,DGIST특성화,융복합(UGRP/기타),1.0,0.0,2.0,
HL472,01,UGRP Ⅳ - 팔라듐 촉매와 transient directing group을 이용한 sp3 C-H arylation 반응 연구,교선필수,교과,이론,DGIST특성화,융복합(UGRP/기타),3.0,3.0,0.0,
HL472,02,UGRP Ⅳ - 사영공간에 대한 조합적 연구 및 컴퓨터 영상 분야에의 응용,교선필수,교과,이론,DGIST특성화,융복합(UGRP/기타),3.0,3.0,0.0,
HL472,03,UGRP Ⅳ - 휘어진 공간에서의 양자장론,교선필수,교과,이론,DGIST특성화,융복합(UGRP/기타),3.0,3.0,0.0,
HL472,04,UGRP Ⅳ - 병원성 프리온 신경세포 내 글루코스 대사회복 연구 ,교선필수,교과,이론,DGIST특성화,융복합(UGRP/기타),3.0,3.0,0.0,
HL472,05,UGRP Ⅳ - 금속촉매요소를 이용한 생체모방 화학에 관한 연구 ,교선필수,교과,이론,DGIST특성화,융복합(UGRP/기타),3.0,3.0,0.0,
HL472,06,UGRP Ⅳ - 운영 조건에 따른 리튬이차전지 열화 거동 분석 및 진단 기술 도출,교선필수,교과,이론,DGIST특성화,융복합(UGRP/기타),3.0,3.0,0.0,
HL472,07,UGRP Ⅳ - 첨단 운전자 보조 시스템을 위한 실시간 스케줄링 기술 개발,교선필수,교과,이론,DGIST특성화,융복합(UGRP/기타),3.0,3.0,0.0,
HL472,08,UGRP Ⅳ - 동물원 동물의 복지 향상을 위한 시스템 개발(동물 먹이활동 개선을 위한 자동먹이공급 시스템 개발),교선필수,교과,이론,DGIST특성화,융복합(UGRP/기타),3.0,3.0,0.0,
HL472,09,UGRP Ⅳ - 자율주행 트랙터용 다중 센서 융합 및 주행제어 알고리즘 개발,교선필수,교과,이론,DGIST특성화,융복합(UGRP/기타),3.0,3.0,0.0,
HL472,10,UGRP Ⅳ - X선 결정학을 이용한 배터리 소재의 2가 이온 탈삽입 화학반응 연구,교선필수,교과,이론,DGIST특성화,융복합(UGRP/기타),3.0,3.0,0.0,
HL472,11,UGRP Ⅳ - 컴퓨터 작업 효율화를 위한 개인화된 인공지능 기술 연구,교선필수,교과,이론,DGIST특성화,융복합(UGRP/기타),3.0,3.0,0.0,
HL472,12,UGRP Ⅳ - 딥러닝 기반 생물세포 홀로 그래픽 영상 세그멘테이션,교선필수,교과,이론,DGIST특성화,융복합(UGRP/기타),3.0,3.0,0.0,
HL472,13,UGRP Ⅳ - 존재론적 다양성과 한국의 과학 다양성,교선필수,교과,이론,DGIST특성화,융복합(UGRP/기타),3.0,3.0,0.0,
HL472,14,UGRP Ⅳ - 한국 생태주의의 새로운 함의,교선필수,교과,이론,DGIST특성화,융복합(UGRP/기타),3.0,3.0,0.0,
HL472,15,UGRP Ⅳ - 수강 신청 알고리즘 개발,교선필수,교과,이론,DGIST특성화,융복합(UGRP/기타),3.0,3.0,0.0,
HL472,16,UGRP Ⅳ - 소형 실내 주행 로봇제작과 SLAM을 이용한 환경인식 및 자율주행 연구,교선필수,교과,이론,DGIST특성화,융복합(UGRP/기타),3.0,3.0,0.0,
HL474a,01,기술평가 실무,교선필수,교과,이론,DGIST특성화,비이공계리더,3.0,3.0,0.0,
HL482,01,기술벤처 Ⅱ,교선필수,교과,이론,DGIST특성화,창업리더,3.0,3.0,0.0,
IC567,01,EE:선형시스템 (이.공),교선필수,교과,이론,기초공학,MIREBraiN,3.0,3.0,0.0,영어강의(Delivered in English)
IC580,01,EE : 전자기기의 기초 (이.공) ,교선필수,교과,이론,기초공학,MIREBraiN,3.0,3.0,0.0,영어강의(Delivered in English)
IC586,01, EE: 바이오 전자 개론(공),교선필수,교과,이론,기초공학,MIREBraiN,3.0,3.0,0.0,영어강의(Delivered in English)
IC607,01,CS:운영체제 (이.공),교선필수,교과,이론,기초공학,MIREBraiN,3.0,3.0,0.0,영어강의(Delivered in English) / C/C++ 프로그래밍이 가능한 학생만 수강할 것
IC667,01,EE&CSE: 컨벡스 최적화(이.공),교선필수,교과,이론,기초공학,MIREBraiN,3.0,3.0,0.0,영어강의(Delivered in English)
IC900,01,Thesis (이.공),교선필수,연구(Thesis),이론,기초공학,MIREBraiN,1.0,5.0,0.0,
IC900,02,Thesis (이.공),교선필수,연구(Thesis),이론,기초공학,MIREBraiN,1.0,5.0,0.0,
IC900,03,Thesis (이.공),교선필수,연구(Thesis),이론,기초공학,MIREBraiN,1.0,5.0,0.0,
IC900,04,Thesis (이.공),교선필수,연구(Thesis),이론,기초공학,MIREBraiN,1.0,5.0,0.0,
IC900,05,Thesis (이.공),교선필수,연구(Thesis),이론,기초공학,MIREBraiN,1.0,5.0,0.0,
IC900,06,Thesis (이.공),교선필수,연구(Thesis),이론,기초공학,MIREBraiN,1.0,5.0,0.0,
IC900,07,Thesis (이.공),교선필수,연구(Thesis),이론,기초공학,MIREBraiN,1.0,5.0,0.0,
IC900,08,Thesis (이.공),교선필수,연구(Thesis),이론,기초공학,MIREBraiN,1.0,5.0,0.0,
IC900,09,Thesis (이.공),교선필수,연구(Thesis),이론,기초공학,MIREBraiN,1.0,5.0,0.0,
IC900,10,Thesis (이.공),교선필수,연구(Thesis),이론,기초공학,MIREBraiN,1.0,5.0,0.0,
IC900,11,Thesis (이.공),교선필수,연구(Thesis),이론,기초공학,MIREBraiN,1.0,5.0,0.0,
IC900,12,Thesis (이.공),교선필수,연구(Thesis),이론,기초공학,MIREBraiN,1.0,5.0,0.0,
IC900,14,Thesis (이.공),교선필수,연구(Thesis),이론,기초공학,MIREBraiN,1.0,5.0,0.0,
IC900,15,Thesis (이.공),교선필수,연구(Thesis),이론,기초공학,MIREBraiN,1.0,5.0,0.0,
IC900,16,Thesis (이.공),교선필수,연구(Thesis),이론,기초공학,MIREBraiN,1.0,5.0,0.0,
IC900,17,Thesis (이.공),교선필수,연구(Thesis),이론,기초공학,MIREBraiN,1.0,5.0,0.0,
NB513,01,고급 세포 생물학 (이),교선필수,교과,이론,기초공학,MIREBraiN,3.0,3.0,0.0,영어강의(Delivered in English)
NB516,01,고급 생화학(이),교선필수,교과,이론,기초공학,MIREBraiN,3.0,3.0,0.0,영어강의(Delivered in English)
NB526,01,세포신호전달과 생명 연속성 (이),교선필수,교과,이론,기초공학,MIREBraiN,3.0,3.0,0.0,영어강의(Delivered in English)
NB529,01,생물통계학 (이),교선필수,교과,이론,기초공학,MIREBraiN,3.0,3.0,0.0,영어강의(Delivered in English)
NB542,01,생물 의학 (이),교선필수,교과,이론,기초공학,MIREBraiN,3.0,3.0,0.0,영어강의(Delivered in English)
NB544,01,식물유전공학 (이) ,교선필수,교과,이론,기초공학,MIREBraiN,3.0,3.0,0.0,영어강의(Delivered in English)
NB551,01,단분자 생물물리 (이),교선필수,교과,이론,기초공학,MIREBraiN,3.0,3.0,0.0,영어강의(Delivered in English)
NB553,01,질량분석과 단백체학(이),교선필수,교과,이론,기초공학,MIREBraiN,3.0,3.0,0.0,영어강의(Delivered in English)
NB606,01,중개 의학 개론(이.공),교선필수,교과,이론,기초공학,MIREBraiN,3.0,3.0,0.0,영어강의(Delivered in English)
NB607,01,생명과학도를 위한 주요 질환 소개(이.공),교선필수,교과,이론,기초공학,MIREBraiN,3.0,3.0,0.0,영어강의(Delivered in English)
NB900,01,Thesis (이.공),교선필수,연구(Thesis),이론,기초공학,MIREBraiN,1.0,5.0,0.0,영어강의(Delivered in English)
NB900,02,Thesis (이.공),교선필수,연구(Thesis),이론,기초공학,MIREBraiN,1.0,5.0,0.0,영어강의(Delivered in English)
NB900,03,Thesis (이.공),교선필수,연구(Thesis),이론,기초공학,MIREBraiN,1.0,5.0,0.0,영어강의(Delivered in English)
RT512,01,생체신호 측정 및 처리(공),교선필수,교과,이론,기초공학,MIREBraiN,3.0,3.0,0.0,영어강의(Delivered in English)
RT623,01,"나노과학 기술입문(이,공)",교선필수,교과,이론,기초공학,MIREBraiN,3.0,3.0,0.0,영어강의(Delivered in English)
RT624,01,모터시스템제어(공),교선필수,교과,이론,기초공학,MIREBraiN,3.0,3.0,0.0,영어강의(Delivered in English)
RT900,01,Thesis (이.공),교선필수,연구(Thesis),이론,기초공학,MIREBraiN,1.0,5.0,0.0,
RT900,02,Thesis (이.공),교선필수,연구(Thesis),이론,기초공학,MIREBraiN,1.0,5.0,0.0,
RT900,03,Thesis (이.공),교선필수,연구(Thesis),이론,기초공학,MIREBraiN,1.0,5.0,0.0,
RT900,04,Thesis (이.공),교선필수,연구(Thesis),이론,기초공학,MIREBraiN,1.0,5.0,0.0,
RT900,05,Thesis (이.공),교선필수,연구(Thesis),이론,기초공학,MIREBraiN,1.0,5.0,0.0,
RT900,06,Thesis (이.공),교선필수,연구(Thesis),이론,기초공학,MIREBraiN,1.0,5.0,0.0,
RT900,07,Thesis (이.공),교선필수,연구(Thesis),이론,기초공학,MIREBraiN,1.0,5.0,0.0,
RT900,08,Thesis (이.공),교선필수,연구(Thesis),이론,기초공학,MIREBraiN,1.0,5.0,0.0,
RT900,09,Thesis (이.공),교선필수,연구(Thesis),이론,기초공학,MIREBraiN,1.0,5.0,0.0,
RT900,10,Thesis (이.공),교선필수,연구(Thesis),이론,기초공학,MIREBraiN,1.0,5.0,0.0,
RT900,11,Thesis (이.공),교선필수,연구(Thesis),이론,기초공학,MIREBraiN,1.0,5.0,0.0,
RT900,12,Thesis (이.공),교선필수,연구(Thesis),이론,기초공학,MIREBraiN,1.0,5.0,0.0,
RT900,13,Thesis (이.공),교선필수,연구(Thesis),이론,기초공학,MIREBraiN,1.0,5.0,0.0,
RT900,14,Thesis (이.공),교선필수,연구(Thesis),이론,기초공학,MIREBraiN,1.0,5.0,0.0,
SE102a,01,다변수 미적분학,공통필수,교과,이론및실습,기초과학,수학,3.0,3.0,1.0,"동일과목 : (SE102) 다변수 미적분학, (SE114) 다변수 미적분학 연습"
SE102a,02,다변수 미적분학,공통필수,교과,이론및실습,기초과학,수학,3.0,3.0,1.0,"동일과목 : (SE102) 다변수 미적분학, (SE114) 다변수 미적분학 연습"
SE102a,03,다변수 미적분학,공통필수,교과,이론및실습,기초과학,수학,3.0,3.0,1.0,"동일과목 : (SE102) 다변수 미적분학, (SE114) 다변수 미적분학 연습"
SE102a,04,다변수 미적분학,공통필수,교과,이론및실습,기초과학,수학,3.0,3.0,1.0,"동일과목 : (SE102) 다변수 미적분학, (SE114) 다변수 미적분학 연습"
SE105,01,전자기학,공통필수,교과,이론,기초과학,물리,3.0,3.0,0.0,
SE105,02,전자기학,공통필수,교과,이론,기초과학,물리,3.0,3.0,0.0,
SE105a,01,전자기학-심화,공통필수,교과,이론,기초과학,물리,3.0,3.0,0.0,
SE105b,01,전자기학-기초,공통필수,교과,이론,기초과학,물리,3.0,3.0,0.0,
SE106,01,전자기학실험,공통필수,교과,실습,기초과학,물리,1.0,0.0,2.0,
SE106,02,전자기학실험,공통필수,교과,실습,기초과학,물리,1.0,0.0,2.0,
SE106,03,전자기학실험,공통필수,교과,실습,기초과학,물리,1.0,0.0,2.0,
SE106,04,전자기학실험,공통필수,교과,실습,기초과학,물리,1.0,0.0,2.0,
SE106,05,전자기학실험,공통필수,교과,실습,기초과학,물리,1.0,0.0,2.0,
SE106,06,전자기학실험,공통필수,교과,실습,기초과학,물리,1.0,0.0,2.0,
SE106,07,전자기학실험,공통필수,교과,실습,기초과학,물리,1.0,0.0,2.0,
SE108a,01,기초화학실험,공통필수,교과,실습,기초과학,화학,1.0,0.0,2.0,동일과목 : (SE108) 기초화학실험 I
SE108a,02,기초화학실험,공통필수,교과,실습,기초과학,화학,1.0,0.0,2.0,동일과목 : (SE108) 기초화학실험 I
SE108a,03,기초화학실험,공통필수,교과,실습,기초과학,화학,1.0,0.0,2.0,동일과목 : (SE108) 기초화학실험 I
SE108a,04,기초화학실험,공통필수,교과,실습,기초과학,화학,1.0,0.0,2.0,동일과목 : (SE108) 기초화학실험 I
SE108a,05,기초화학실험,공통필수,교과,실습,기초과학,화학,1.0,0.0,2.0,동일과목 : (SE108) 기초화학실험 I
SE108a,06,기초화학실험,공통필수,교과,실습,기초과학,화학,1.0,0.0,2.0,동일과목 : (SE108) 기초화학실험 I
SE108a,07,기초화학실험,공통필수,교과,실습,기초과학,화학,1.0,0.0,2.0,동일과목 : (SE108) 기초화학실험 I
SE108a,08,기초화학실험,공통필수,교과,실습,기초과학,화학,1.0,0.0,2.0,동일과목 : (SE108) 기초화학실험 I
SE108a,09,기초화학실험,공통필수,교과,실습,기초과학,화학,1.0,0.0,2.0,동일과목 : (SE108) 기초화학실험 I
SE108a,10,기초화학실험,공통필수,교과,실습,기초과학,화학,1.0,0.0,2.0,동일과목 : (SE108) 기초화학실험 I
SE109,01,화학 반응의 이해,공통필수,교과,이론,기초과학,화학,3.0,3.0,0.0,
SE109,02,화학 반응의 이해,공통필수,교과,이론,기초과학,화학,3.0,3.0,0.0,
SE109,03,화학 반응의 이해,공통필수,교과,이론,기초과학,화학,3.0,3.0,0.0,
SE109,04,화학 반응의 이해,공통필수,교과,이론,기초과학,화학,3.0,3.0,0.0,
SE111,01,분자와 생명현상,공통필수,교과,이론,기초과학,생물,3.0,3.0,0.0,
SE111,02,분자와 생명현상,공통필수,교과,이론,기초과학,생물,3.0,3.0,0.0,
SE111a,01,분자와 생명현상-심화,공통필수,교과,이론,기초과학,생물,3.0,3.0,0.0,
SE111b,01,분자와 생명현상-기초,공통필수,교과,이론,기초과학,생물,3.0,3.0,0.0,
SE112,01,분자와 생명현상 실험,공통필수,교과,실습,기초과학,생물,1.0,0.0,2.0,
SE112,02,분자와 생명현상 실험,공통필수,교과,실습,기초과학,생물,1.0,0.0,2.0,
SE112,03,분자와 생명현상 실험,공통필수,교과,실습,기초과학,생물,1.0,0.0,2.0,
SE112,04,분자와 생명현상 실험,공통필수,교과,실습,기초과학,생물,1.0,0.0,2.0,
SE112,05,분자와 생명현상 실험,공통필수,교과,실습,기초과학,생물,1.0,0.0,2.0,
SE112,06,분자와 생명현상 실험,공통필수,교과,실습,기초과학,생물,1.0,0.0,2.0,
SE112,07,분자와 생명현상 실험,공통필수,교과,실습,기초과학,생물,1.0,0.0,2.0,
SE118,01,디자인 사고,공통필수,교과,이론,기초공학,디자인 사고,3.0,3.0,0.0,동일과목 : (SE302) 디자인공학
SE118,02,디자인 사고,공통필수,교과,이론,기초공학,디자인 사고,3.0,3.0,0.0,동일과목 : (SE302) 디자인공학
SE202b,01,복합 공학 수학,공통필수,교과,이론및실습,기초과학,수학,3.0,3.0,1.0,"동일과목 : (SE202) 복합 공학 수학, (SE209) 복합 공학 수학 연습 / 2014~2017학번에 한하여 신청 가능"
SE202b,02,복합 공학 수학,공통필수,교과,이론및실습,기초과학,수학,3.0,3.0,1.0,"동일과목 : (SE202) 복합 공학 수학, (SE209) 복합 공학 수학 연습 / 2014~2017학번에 한하여 신청 가능"
SE202c,01,복합 공학 수학 - 심화,공통필수,교과,이론및실습,기초과학,수학,3.0,3.0,1.0,"동일과목 : (SE202a) 복합 공학 수학 - 심화, (SE209a) 복합 공학 수학 연습  - 심화 / 2014~2017학번만 신청 가능"
SE206a,01,확률과 통계 및 실습,공통필수,교과,이론및실습,기초과학,수학,3.0,3.0,1.0,"동일과목 : (SE206) 확률과 통계(이론), (SE211) 확률과 통계(실습) / 2018학번 이후 학번만 신청 가능"
SE206a,02,확률과 통계 및 실습,공통필수,교과,이론및실습,기초과학,수학,3.0,3.0,1.0,"동일과목 : (SE206) 확률과 통계(이론), (SE211) 확률과 통계(실습) / 2018학번 이후 학번만 신청 가능"
SE211a,01,확률과 통계 및 실습,공통필수,교과,이론및실습,기초공학,통계,3.0,3.0,1.0,"동일과목 : (SE206) 확률과 통계(이론), (SE211) 확률과 통계(실습) / 2014~2017학번만 신청 가능"
SE211a,02,확률과 통계 및 실습,공통필수,교과,이론및실습,기초공학,통계,3.0,3.0,1.0,"동일과목 : (SE206) 확률과 통계(이론), (SE211) 확률과 통계(실습) / 2014~2017학번만 신청 가능"
SE212,01,세포와 생명현상,공통필수,교과,이론,기초과학,생물,2.0,2.0,0.0,2014~2017학번만 신청 가능
SE214a,01,자동제어시스템(이론),공통필수,교과,이론,기초공학,자동제어,2.0,2.0,0.0,"동일과목 : (SE301) 자동제어시스템, (SE301a) 자동제어시스템(이론)"
SE214a,02,자동제어시스템(이론),공통필수,교과,이론,기초공학,자동제어,2.0,2.0,0.0,"동일과목 : (SE301) 자동제어시스템, (SE301a) 자동제어시스템(이론)"
SE214a,03,자동제어시스템(이론),공통필수,교과,이론,기초공학,자동제어,2.0,2.0,0.0,"동일과목 : (SE301) 자동제어시스템, (SE301a) 자동제어시스템(이론)"
SE214a,04,자동제어시스템(이론),공통필수,교과,이론,기초공학,자동제어,2.0,2.0,0.0,"동일과목 : (SE301) 자동제어시스템, (SE301a) 자동제어시스템(이론)"
SE214b,01,자동제어시스템(실습),공통필수,교과,실습,기초공학,자동제어,1.0,0.0,2.0,"동일과목 : (SE301) 자동제어시스템, (SE301b) 자동제어시스템(실습)"
SE214b,02,자동제어시스템(실습),공통필수,교과,실습,기초공학,자동제어,1.0,0.0,2.0,"동일과목 : (SE301) 자동제어시스템, (SE301b) 자동제어시스템(실습)"
SE214b,03,자동제어시스템(실습),공통필수,교과,실습,기초공학,자동제어,1.0,0.0,2.0,"동일과목 : (SE301) 자동제어시스템, (SE301b) 자동제어시스템(실습)"
SE214b,04,자동제어시스템(실습),공통필수,교과,실습,기초공학,자동제어,1.0,0.0,2.0,"동일과목 : (SE301) 자동제어시스템, (SE301b) 자동제어시스템(실습)"
SE214b,05,자동제어시스템(실습),공통필수,교과,실습,기초공학,자동제어,1.0,0.0,2.0,"동일과목 : (SE301) 자동제어시스템, (SE301b) 자동제어시스템(실습)"
SE214b,06,자동제어시스템(실습),공통필수,교과,실습,기초공학,자동제어,1.0,0.0,2.0,"동일과목 : (SE301) 자동제어시스템, (SE301b) 자동제어시스템(실습)"
SE214b,07,자동제어시스템(실습),공통필수,교과,실습,기초공학,자동제어,1.0,0.0,2.0,"동일과목 : (SE301) 자동제어시스템, (SE301b) 자동제어시스템(실습)"
SE214b,08,자동제어시스템(실습),공통필수,교과,실습,기초공학,자동제어,1.0,0.0,2.0,"동일과목 : (SE301) 자동제어시스템, (SE301b) 자동제어시스템(실습)"
SE221c,01,복소함수론 (이.공),교선필수,교과,이론및실습,기초과학,수학,3.0,3.0,1.0,"동일과목 : (SE221) 복합 공학 수학 – 심화 (이), (SE221a) 복합 공학 수학 - 심화 연습 (이), (SE221b) 복합 공학 수학 – 심화 (이) / 2018학번 이후 학번만 신청 가능"
SE222c,01,"복합 공학 수학 (이, 공)",교선필수,교과,이론및실습,기초과학,수학,3.0,3.0,1.0,"동일과목 : (SE222) 복합 공학 수학 (이), (SE222a) 복합 공학 수학 연습 (이), (SE222b) 복합 공학 수학 (이)  / 2018학번 이후 학번만 신청 가능"
SE222c,02,"복합 공학 수학 (이, 공)",교선필수,교과,이론및실습,기초과학,수학,3.0,3.0,1.0,"동일과목 : (SE222) 복합 공학 수학 (이), (SE222a) 복합 공학 수학 연습 (이), (SE222b) 복합 공학 수학 (이)  / 2018학번 이후 학번만 신청 가능"
SE232a,01,열 및 통계 물리 (이.공),교선필수,교과,이론,기초과학,물리,3.0,3.0,0.0,"동일과목 : (SE232) 열 및 통계 물리(이론) (이.공), (SE234) 열 및 통계 물리(실습) (이.공)"
SE237,01,전기역학(이.공),교선필수,교과,이론,기초과학,물리,3.0,3.0,0.0,
SE245c,01,유기화학의 이해 (이),교선필수,교과,이론,기초과학,화학,3.0,3.0,0.0,"동일과목 : (SE243) 유기화학의 이해(이론) (이), (SE244) 유기화학의 이해(실습) (이), (SE245a) 유기화학의 이해(이론) (이), (SE245b) 유기화학의 이해(실습) (이) /  2014~2017학번만 신청 가능"
SE245e,01,유기화학 Ⅱ (이),교선필수,교과,이론,기초과학,화학,3.0,3.0,0.0,"동일과목 : (SE345) 유기반응의 이해 (이), (SE345a) 유기화학 Ⅱ (이) / 2018학번 이후 학번만 신청 가능"
SE246d,01,무기화학 Ⅰ (이),교선필수,교과,이론,기초과학,화학,3.0,3.0,0.0,"동일과목 : (SE240) 합성으로 이루어진 세상(이), (SE246a) 합성으로 이루어진 세상(이론) (이), (SE246b) 합성으로 이루어진 세상(실습) (이), (SE246c) 합성으로 이루어진 세상 (이)"
SE248a,01,물리화학Ⅰ (이),교선필수,교과,이론,기초과학,화학,3.0,3.0,0.0,"동일과목 : (SE248) 화학속의 물리학 (이), (SE340) 화학속의 물리학 (이)"
SE249b,01,화학공학개론 (공),교선필수,교과,이론,기초과학,화학,3.0,3.0,0.0,
SE252,01,생명과학실험 II (이),교선필수,교과,실습,기초과학,생물,3.0,0.0,6.0,
SE252,02,생명과학실험 II (이),교선필수,교과,실습,기초과학,생물,3.0,0.0,6.0,
SE253,01,유전자의 구조와 발현(이),교선필수,교과,이론,기초과학,생물,3.0,3.0,0.0,2018학번 이후 학번만 신청 가능
SE253,02,유전자의 구조와 발현(이),교선필수,교과,이론,기초과학,생물,3.0,3.0,0.0,2018학번 이후 학번만 신청 가능
SE271,01,객체지향 프로그래밍 (이.공),교선필수,교과,이론,기초공학,MIREBraiN,3.0,3.0,0.0,동일과목 : (SE375) 객체지향 프로그래밍 (이.공)
SE272,01,디자인 기획과 전략(공),교선필수,교과,이론,기초공학,MIREBraiN,3.0,3.0,0.0,
SE324a,01,수치해석 (이.공),교선필수,교과,이론,기초과학,수학,3.0,3.0,0.0,"동일과목 : (SE324) 수치해석 (이.공), (SE422) 수치해석 (이.공)"
SE325,01,편미분 방정식 (이.공),교선필수,교과,이론,기초과학,수학,3.0,3.0,0.0,
SE327a,01,고급대수 (이),교선필수,교과,이론,기초과학,수학,3.0,3.0,0.0,동일과목 : (SE327) 수학특강(이) / 영어강의(Delivered in English)
SE328,01,위상수학(이),교선필수,교과,이론,기초과학,수학,3.0,3.0,0.0,영어강의(Delivered in English)
SE333a,01,양자역학의 응용 (이.공),교선필수,교과,이론,기초과학,물리,3.0,3.0,0.0,동일과목 : (SE333) 양자역학과 나노물리 (이.공) / 영어강의(Delivered in English)
SE334a,01,고체물리 (이.공),교선필수,교과,이론,기초과학,물리,3.0,3.0,0.0,동일과목 : (SE334) 고체의 성질 (이) / 영어강의(Delivered in English)
SE336,01,응용물리 실험(이.공),교선필수,교과,실습,기초과학,물리,2.0,0.0,4.0,
SE345,01,유기반응의 이해 (이),교선필수,교과,이론,기초과학,화학,3.0,3.0,0.0,영어강의(Delivered in English) / 2014~2017학번만 신청 가능
SE346b,01,심화화학실험 Ⅱ (물리.무기화학)(이),교선필수,교과,실습,기초과학,화학,2.0,0.0,4.0,
SE346b,02,심화화학실험 Ⅱ (물리.무기화학)(이),교선필수,교과,실습,기초과학,화학,2.0,0.0,4.0,
SE350,01,생명과학특강 I (이),교선필수,교과,이론,기초과학,생물,3.0,3.0,0.0,
SE354,01,생명현상의 정량적 이해 (이),교선필수,교과,이론,기초과학,생물,3.0,3.0,0.0,
SE356,01,인체의 구조와 질병 (이),교선필수,교과,이론,기초과학,생물,3.0,3.0,0.0,
SE358,01,분자생물학(이),교선필수,교과,이론,기초과학,생물,3.0,3.0,0.0,
SE364,01,전기전자 공학 Ⅱ (이.공),교선필수,교과,이론,기초공학,MIREBraiN,3.0,3.0,0.0,영어강의(Delivered in English)
SE367,01,동역학 (공),교선필수,교과,이론,기초공학,MIREBraiN,3.0,3.0,0.0,영어강의(Delivered in English)
SE374b,01,신경과학 Ⅱ (이),교선필수,교과,이론,기초공학,MIREBraiN,3.0,3.0,0.0,
SE378,01,의공학개론 (공),교선필수,교과,이론,기초공학,MIREBraiN,3.0,3.0,0.0,영어강의(Delivered in English)
SE380,01,컴퓨터 알고리즘 (이.공),교선필수,교과,이론,기초공학,MIREBraiN,3.0,3.0,0.0,동일과목 : (SE361) 컴퓨터 공학 Ⅰ (이.공)  / 영어강의(Delivered in English)
SE383,01,공학적설계(공),교선필수,교과,이론,기초공학,MIREBraiN,3.0,3.0,0.0,영어강의(Delivered in English)
SE386,01,시스템의 통합적 모델링(공) ,교선필수,교과,이론,기초공학,MIREBraiN,3.0,3.0,0.0,영어강의(Delivered in English)
SE388,01,기구학(공),교선필수,교과,이론,기초공학,MIREBraiN,3.0,3.0,0.0,영어강의(Delivered in English)
SE389,01,인공지능 입문(이.공) ,교선필수,교과,이론,기초공학,MIREBraiN,3.0,3.0,0.0,영어강의(Delivered in English)
SE389,02,인공지능 입문(이.공) ,교선필수,교과,이론,기초공학,MIREBraiN,3.0,3.0,0.0,영어강의(Delivered in English)
SE423,01,비선형 동력계(이.공),교선필수,교과,이론,기초과학,수학,3.0,3.0,0.0,
SE425a,01,응용수학특론 (이.공) - 행렬군 및 응용,교선필수,교과,이론,기초과학,수학,3.0,3.0,0.0,동일과목 : (SE425) 응용수학방법론 (이.공) / 영어강의(Delivered in English)
SE434,01,응용물리특론(이.공),교선필수,교과,이론,기초과학,물리,3.0,3.0,0.0,영어강의(Delivered in English)
SE451,01,감염과 면역 (이),교선필수,교과,이론,기초과학,생물,3.0,3.0,0.0,영어강의(Delivered in English)
SE473,01,고체반응속도론(이.공),교선필수,교과,이론,기초공학,MIREBraiN,3.0,3.0,0.0,
SE475,01,기계유체역학(공),교선필수,교과,이론,기초공학,MIREBraiN,3.0,3.0,0.0,영어강의(Delivered in English)
