id,course_no,section,title,classification,course_type,isLab,fields,areas,credit,theory,lab,limit,limit2,split,remarks
1,BS606,01,시스템 뇌과학 개론 (이),교선필수,교과,이론,기초공학,MIREBraiN,4.0,4.0,0.0,60,0,"4,4",영어강의(Delivered in English)
2,BS608,01,뇌질환 및 뇌의 질병 (이),교선필수,교과,이론,기초공학,MIREBraiN,4.0,4.0,0.0,60,0,"4,4",영어강의(Delivered in English)
3,BS743,01,발생생물학 (이) ,교선필수,교과,이론,기초공학,MIREBraiN,3.0,3.0,0.0,60,0,"3,3",영어강의(Delivered in English)
4,CR522,01,융복합 생리학(이.공),교선필수,교과,이론,기초공학,MIREBraiN,3.0,3.0,0.0,0,0,"3,3",
5,CR527,01,융복합 영상학 개론 (이.공),교선필수,교과,이론,기초공학,MIREBraiN,3.0,3.0,0.0,0,0,"3,3",영어강의(Delivered in English)
6,EM620,01,고급 고체물리학 Ⅰ (이.공),교선필수,교과,이론,기초공학,MIREBraiN,3.0,3.0,0.0,0,0,"3,3",영어강의(Delivered in English)
7,EM625,01,고급 양자역학 Ⅰ (이),교선필수,교과,이론,기초공학,MIREBraiN,3.0,3.0,0.0,0,0,"3,3",영어강의(Delivered in English)
8,EM675,01,고급 무기화학 Ⅰ (이.공),교선필수,교과,이론,기초공학,MIREBraiN,3.0,3.0,0.0,20,0,"3,3",영어강의(Delivered in English)
9,EM713,01,자성체소재(이.공),교선필수,교과,이론,기초공학,MIREBraiN,3.0,3.0,0.0,15,0,"3,3",영어강의(Delivered in English)
10,ES601,01,열역학 (이.공) ,교선필수,교과,이론,기초공학,MIREBraiN,3.0,3.0,0.0,5,0,"3,3",영어강의(Delivered in English)
11,ES725,01,에너지 재료 전산모사(이.공),교선필수,교과,이론,기초공학,MIREBraiN,3.0,3.0,0.0,10,0,"3,3",영어강의(Delivered in English)
12,ES733,01,촉매화학 (이.공),교선필수,교과,이론,기초공학,MIREBraiN,3.0,3.0,0.0,10,0,"3,3",영어강의(Delivered in English)
13,HL101,01,비교역사학,공통필수,교과,이론,인문소양,인문사회,3.0,3.0,0.0,10,0,"3,3",2014~2017학번만 신청 가능
14,HL101,02,비교역사학,공통필수,교과,이론,인문소양,인문사회,3.0,3.0,0.0,10,0,"3,3",2014~2017학번만 신청 가능
15,HL101a,01,비교역사학,공통필수,교과,이론,인문소양,인문사회,3.0,3.0,0.0,50,0,"3,3",2018학번 이후 학번만 신청 가능
16,HL101a,02,비교역사학,공통필수,교과,이론,인문소양,인문사회,3.0,3.0,0.0,50,0,"3,3",2018학번 이후 학번만 신청 가능
17,HL104,01,음악 II - 합창,공통필수,교과,실습,인문소양,음악,1.0,0.0,2.0,25,0,4,
18,HL104,02,음악 II - 합창,공통필수,교과,실습,인문소양,음악,1.0,0.0,2.0,25,0,4,
19,HL104,03,음악 II - 보컬,공통필수,교과,실습,인문소양,음악,1.0,0.0,2.0,10,0,4,
20,HL104,04,음악 II - 바이올린,공통필수,교과,실습,인문소양,음악,1.0,0.0,2.0,10,0,4,
21,HL104,05,음악 II - 바이올린(심화),공통필수,교과,실습,인문소양,음악,1.0,0.0,2.0,10,0,4,
22,HL104,06,음악 II - 앙상블,공통필수,교과,실습,인문소양,음악,1.0,0.0,2.0,10,0,4,
23,HL104,07,음악 II - 첼로,공통필수,교과,실습,인문소양,음악,1.0,0.0,2.0,10,0,4,
24,HL104,08,음악 II - 클라리넷,공통필수,교과,실습,인문소양,음악,1.0,0.0,2.0,10,0,4,
25,HL104,09,음악 II - 클라리넷,공통필수,교과,실습,인문소양,음악,1.0,0.0,2.0,10,0,4,
26,HL104,10,음악 II - 피아노,공통필수,교과,실습,인문소양,음악,1.0,0.0,2.0,10,0,4,
27,HL104,11,음악 II - 피아노,공통필수,교과,실습,인문소양,음악,1.0,0.0,2.0,10,0,4,
28,HL104,12,음악 II - 피아노앙상블 (4 Hands),공통필수,교과,실습,인문소양,음악,1.0,0.0,2.0,10,0,4,
29,HL104,13,음악 II - 바이올린,공통필수,교과,실습,인문소양,음악,1.0,0.0,2.0,10,0,4,
30,HL104,14,음악 II - 바이올린,공통필수,교과,실습,인문소양,음악,1.0,0.0,2.0,10,0,4,
31,HL104,15,음악 II - 클래식 기타,공통필수,교과,실습,인문소양,음악,1.0,0.0,2.0,12,0,4,
32,HL104,16,음악 II - 클래식 기타,공통필수,교과,실습,인문소양,음악,1.0,0.0,2.0,12,0,4,
33,HL104,17,음악 II - 클래식 기타,공통필수,교과,실습,인문소양,음악,1.0,0.0,2.0,12,0,4,
34,HL106,01,체육 II - 태권도 겨루기,공통필수,교과,실습,인문소양,체육,1.0,0.0,2.0,17,0,4,
35,HL106,02,체육 II - 태권도 겨루기,공통필수,교과,실습,인문소양,체육,1.0,0.0,2.0,17,0,4,
36,HL106,03,체육 II - 태권도 겨루기,공통필수,교과,실습,인문소양,체육,1.0,0.0,2.0,17,0,4,
37,HL106,04,체육 II - 태권도 겨루기,공통필수,교과,실습,인문소양,체육,1.0,0.0,2.0,17,0,4,
38,HL106,05,체육 II - 축구,공통필수,교과,실습,인문소양,체육,1.0,0.0,2.0,33,0,4,
39,HL106,06,체육 II - 테니스,공통필수,교과,실습,인문소양,체육,1.0,0.0,2.0,16,0,4,
40,HL106,07,체육 II - 테니스,공통필수,교과,실습,인문소양,체육,1.0,0.0,2.0,16,0,4,
41,HL106,08,체육 II - 배드민턴,공통필수,교과,실습,인문소양,체육,1.0,0.0,2.0,16,0,4,
42,HL106,09,체육 II - 배드민턴,공통필수,교과,실습,인문소양,체육,1.0,0.0,2.0,16,0,4,
43,HL106,10,체육 II - 수영,공통필수,교과,실습,인문소양,체육,1.0,0.0,2.0,15,0,4,
44,HL106,11,체육 II - 수영,공통필수,교과,실습,인문소양,체육,1.0,0.0,2.0,15,0,4,
45,HL106,12,체육 II - 재활-웨이트트레이닝,공통필수,교과,실습,인문소양,체육,1.0,0.0,2.0,10,0,4,
46,HL106,13,체육 II - 재활-웨이트트레이닝,공통필수,교과,실습,인문소양,체육,1.0,0.0,2.0,10,0,4,
47,HL111,01,쓰기·읽기·말하기,공통필수,교과,이론,인문소양,인문사회,3.0,3.0,0.0,5,0,"3,3",2014~2017학번만 신청 가능
48,HL111,02,쓰기·읽기·말하기,공통필수,교과,이론,인문소양,인문사회,3.0,3.0,0.0,5,0,"3,3",2014~2017학번만 신청 가능
49,HL111,03,쓰기·읽기·말하기,공통필수,교과,이론,인문소양,인문사회,3.0,3.0,0.0,5,0,"3,3",2014~2017학번만 신청 가능
50,HL111,04,쓰기·읽기·말하기,공통필수,교과,이론,인문소양,인문사회,3.0,3.0,0.0,5,0,"3,3",2014~2017학번만 신청 가능
51,HL111a,01,쓰기·읽기·말하기,공통필수,교과,이론,인문소양,인문사회,3.0,3.0,0.0,30,0,"3,3",2018학번 이후 학번만 신청 가능
52,HL111a,02,쓰기·읽기·말하기,공통필수,교과,이론,인문소양,인문사회,3.0,3.0,0.0,30,0,"3,3",2018학번 이후 학번만 신청 가능
53,HL111a,03,쓰기·읽기·말하기,공통필수,교과,이론,인문소양,인문사회,3.0,3.0,0.0,30,0,"3,3",2018학번 이후 학번만 신청 가능
54,HL111a,04,쓰기·읽기·말하기,공통필수,교과,이론,인문소양,인문사회,3.0,3.0,0.0,30,0,"3,3",2018학번 이후 학번만 신청 가능
55,HL203,01,English for Science Leaders II,공통필수,교과,이론,DGIST특성화,English for Science Leaders,2.0,3.0,0.0,20,0,"3,3",영어강의(Delivered in English)
56,HL203,02,English for Science Leaders II,공통필수,교과,이론,DGIST특성화,English for Science Leaders,2.0,3.0,0.0,20,0,"3,3",영어강의(Delivered in English)
57,HL203,03,English for Science Leaders II,공통필수,교과,이론,DGIST특성화,English for Science Leaders,2.0,3.0,0.0,20,0,"3,3",영어강의(Delivered in English)
58,HL203,04,English for Science Leaders II,공통필수,교과,이론,DGIST특성화,English for Science Leaders,2.0,3.0,0.0,20,0,"3,3",영어강의(Delivered in English)
59,HL203,05,English for Science Leaders II,공통필수,교과,이론,DGIST특성화,English for Science Leaders,2.0,3.0,0.0,20,0,"3,3",영어강의(Delivered in English)
60,HL203,06,English for Science Leaders II,공통필수,교과,이론,DGIST특성화,English for Science Leaders,2.0,3.0,0.0,20,0,"3,3",영어강의(Delivered in English)
61,HL203,07,English for Science Leaders II,공통필수,교과,이론,DGIST특성화,English for Science Leaders,2.0,3.0,0.0,20,0,"3,3",영어강의(Delivered in English)
62,HL203,08,English for Science Leaders II,공통필수,교과,이론,DGIST특성화,English for Science Leaders,2.0,3.0,0.0,20,0,"3,3",영어강의(Delivered in English)
63,HL203,09,English for Science Leaders II,공통필수,교과,이론,DGIST특성화,English for Science Leaders,2.0,3.0,0.0,20,0,"3,3",영어강의(Delivered in English)
64,HL203,10,English for Science Leaders II,공통필수,교과,이론,DGIST특성화,English for Science Leaders,2.0,3.0,0.0,20,0,"3,3",영어강의(Delivered in English)
65,HL204,01,동서양 철학의 통시적 이해,공통필수,교과,이론,인문소양,인문사회,3.0,3.0,0.0,10,0,"3,3",동일과목 : (HL102) 동서양 철학의 통시적 이해 / 2014~2017학번만 신청 가능
66,HL204,02,동서양 철학의 통시적 이해,공통필수,교과,이론,인문소양,인문사회,3.0,3.0,0.0,10,0,"3,3",동일과목 : (HL102) 동서양 철학의 통시적 이해 / 2014~2017학번만 신청 가능
67,HL204a,01,동서양 철학의 통시적 이해,공통필수,교과,이론,인문소양,인문사회,3.0,3.0,0.0,50,0,"3,3",2018학번 이후 학번만 신청 가능
68,HL204a,02,동서양 철학의 통시적 이해,공통필수,교과,이론,인문소양,인문사회,3.0,3.0,0.0,50,0,"3,3",2018학번 이후 학번만 신청 가능
69,HL206,01,리더십(셀프리더십과 팀리더십) II,공통필수,교과,이론,DGIST특성화,리더십,1.0,2.0,0.0,100,0,4,동일과목 : (HL110) 리더십(셀프리더십과 팀리더십) II
70,HL206,02,리더십(셀프리더십과 팀리더십) II,공통필수,교과,이론,DGIST특성화,리더십,1.0,2.0,0.0,100,0,4,동일과목 : (HL110) 리더십(셀프리더십과 팀리더십) II
71,HL270a,01,융합탐구세미나 - 에너지,교선필수,교과,이론,DGIST특성화,융복합(UGRP/기타),2.0,2.0,0.0,30,0,4,
72,HL270a,02,융합탐구세미나 - Fundamentals of Innovation,교선필수,교과,이론,DGIST특성화,융복합(UGRP/기타),2.0,2.0,0.0,25,0,4,영어강의(Delivered in English)
73,HL301,01,Scientific Writing,공통필수,교과,이론,DGIST특성화,Scientific Writing,2.0,2.0,0.0,20,0,4,영어강의(Delivered in English)
74,HL301,02,Scientific Writing,공통필수,교과,이론,DGIST특성화,Scientific Writing,2.0,2.0,0.0,20,0,4,영어강의(Delivered in English)
75,HL301,03,Scientific Writing,공통필수,교과,이론,DGIST특성화,Scientific Writing,2.0,2.0,0.0,20,0,4,영어강의(Delivered in English)
76,HL301,04,Scientific Writing,공통필수,교과,이론,DGIST특성화,Scientific Writing,2.0,2.0,0.0,20,0,4,영어강의(Delivered in English)
77,HL301,05,Scientific Writing,공통필수,교과,이론,DGIST특성화,Scientific Writing,2.0,2.0,0.0,20,0,4,영어강의(Delivered in English)
78,HL301,06,Scientific Writing,공통필수,교과,이론,DGIST특성화,Scientific Writing,2.0,2.0,0.0,20,0,4,영어강의(Delivered in English)
79,HL301,07,Scientific Writing,공통필수,교과,이론,DGIST특성화,Scientific Writing,2.0,2.0,0.0,20,0,4,영어강의(Delivered in English)
80,HL305,01,글로벌리더십 (리더십 실습) II,공통필수,교과,이론,DGIST특성화,리더십,1.0,2.0,0.0,100,0,4,
81,HL305,02,글로벌리더십 (리더십 실습) II,공통필수,교과,이론,DGIST특성화,리더십,1.0,2.0,0.0,100,0,4,
82,HL306,01,기업가 정신과 사회적 책임,공통필수,교과,이론및실습,인문소양,기술경영,3.0,2.0,1.0,60,0,4,"동일과목 : (HL202) 기업가 정신과 사회적 책임, 2014~2017학번만 신청 가능"
83,HL306,02,기업가 정신과 사회적 책임,공통필수,교과,이론및실습,인문소양,기술경영,3.0,2.0,1.0,0,0,4,"동일과목 : (HL202) 기업가 정신과 사회적 책임, 2014~2017학번만 신청 가능"
84,HL306a,01,기업가 정신과 사회적 책임,공통필수,교과,이론및실습,인문소양,기술경영,3.0,2.0,1.0,120,0,4,2018학번 이후 학번만 신청 가능
85,HL306a,02,기업가 정신과 사회적 책임,공통필수,교과,이론및실습,인문소양,기술경영,3.0,2.0,1.0,0,0,4,2018학번 이후 학번만 신청 가능
86,HL320,01,근대 사회와 사상,교선필수,교과,이론,인문소양,인문사회,3.0,3.0,0.0,30,0,6,
87,HL321,01,현대 사회와 윤리,교선필수,교과,이론,인문소양,인문사회,3.0,3.0,0.0,30,0,6,
88,HL322,01,법과 사회,교선필수,교과,이론,인문소양,인문사회,3.0,3.0,0.0,30,0,6,
89,HL323,01,동서양문학의 이해,교선필수,교과,이론,인문소양,인문사회,3.0,3.0,0.0,30,0,6,
90,HL324,01,소설의 이해,교선필수,교과,이론,인문소양,인문사회,3.0,3.0,0.0,30,0,6,
91,HL325,01,글로벌 정치경제,교선필수,교과,이론,인문소양,인문사회,3.0,3.0,0.0,50,0,6,
92,HL326,01,경제학 입문,교선필수,교과,이론,인문소양,인문사회,3.0,3.0,0.0,0,0,6,
93,HL327,01,과학기술과 현대사회,교선필수,교과,이론,인문소양,인문사회,3.0,3.0,0.0,50,0,6,
94,HL328,01,과학기술사의 주요장면,교선필수,교과,이론,인문소양,인문사회,3.0,3.0,0.0,50,0,6,
95,HL329,01,과학철학의 쟁점,교선필수,교과,이론,인문소양,인문사회,3.0,3.0,0.0,50,0,6,
96,HL330,01,인문사회과학 특강,교선필수,교과,이론,인문소양,인문사회,2.0,2.0,0.0,0,0,4,
97,HL330,02,인문사회과학 특강,교선필수,교과,이론,인문소양,인문사회,2.0,2.0,0.0,0,0,4,
98,HL331a,01,비판적 사고와 글쓰기,교선필수,교과,이론,인문소양,인문사회,3.0,3.0,0.0,50,0,6,
99,HL338,01,언어학입문,교선필수,교과,이론,인문소양,인문사회,3.0,3.0,0.0,30,0,6,
100,HL344,01,"인문학특강 - 마음, 두뇌, 컴퓨터 - 현대 심리철학",교선필수,교과,이론,인문소양,인문사회,3.0,3.0,0.0,30,0,6,
101,HL344,02,인문학특강 - 산업과 법,교선필수,교과,이론,인문소양,인문사회,3.0,3.0,0.0,0,0,6,
102,HL345,01,한국정치의 이해 ,교선필수,교과,이론,인문소양,인문사회,3.0,3.0,0.0,50,0,"3,3",
103,HL346,01,한국 사회의 이해,교선필수,교과,이론,인문소양,인문사회,3.0,3.0,0.0,30,0,6,
104,HL370a,01,생체분자론(이론),교선필수,교과,이론,DGIST특성화,융복합(UGRP/기타),2.0,2.0,0.0,15,0,4,영어강의(Delivered in English)
105,HL370b,01,생체분자론(실습),교선필수,교과,실습,DGIST특성화,융복합(UGRP/기타),1.0,0.0,2.0,15,0,4,
106,HL474a,01,기술평가 실무,교선필수,교과,이론,DGIST특성화,비이공계리더,3.0,3.0,0.0,30,20,"3,3",
107,HL482,01,기술벤처 Ⅱ,교선필수,교과,이론,DGIST특성화,창업리더,3.0,3.0,0.0,60,0,"3,3",
108,IC567,01,EE:선형시스템 (이.공),교선필수,교과,이론,기초공학,MIREBraiN,3.0,3.0,0.0,15,15,"3,3",영어강의(Delivered in English)
109,IC580,01,EE : 전자기기의 기초 (이.공) ,교선필수,교과,이론,기초공학,MIREBraiN,3.0,3.0,0.0,15,15,"3,3",영어강의(Delivered in English)
110,IC586,01, EE: 바이오 전자 개론(공),교선필수,교과,이론,기초공학,MIREBraiN,3.0,3.0,0.0,10,20,"3,3",영어강의(Delivered in English)
111,IC607,01,CS:운영체제 (이.공),교선필수,교과,이론,기초공학,MIREBraiN,3.0,3.0,0.0,0,0,"3,3",영어강의(Delivered in English) / C/C++ 프로그래밍이 가능한 학생만 수강할 것
112,IC667,01,EE&CSE: 컨벡스 최적화(이.공),교선필수,교과,이론,기초공학,MIREBraiN,3.0,3.0,0.0,20,25,"3,3",영어강의(Delivered in English)
113,NB513,01,고급 세포 생물학 (이),교선필수,교과,이론,기초공학,MIREBraiN,3.0,3.0,0.0,11,0,"3,3",영어강의(Delivered in English)
114,NB516,01,고급 생화학(이),교선필수,교과,이론,기초공학,MIREBraiN,3.0,3.0,0.0,10,0,"3,3",영어강의(Delivered in English)
115,NB526,01,세포신호전달과 생명 연속성 (이),교선필수,교과,이론,기초공학,MIREBraiN,3.0,3.0,0.0,10,0,"3,3",영어강의(Delivered in English)
116,NB529,01,생물통계학 (이),교선필수,교과,이론,기초공학,MIREBraiN,3.0,3.0,0.0,10,0,"3,3",영어강의(Delivered in English)
117,NB542,01,생물 의학 (이),교선필수,교과,이론,기초공학,MIREBraiN,3.0,3.0,0.0,10,0,"3,3",영어강의(Delivered in English)
118,NB544,01,식물유전공학 (이) ,교선필수,교과,이론,기초공학,MIREBraiN,3.0,3.0,0.0,10,0,"3,3",영어강의(Delivered in English)
119,NB551,01,단분자 생물물리 (이),교선필수,교과,이론,기초공학,MIREBraiN,3.0,3.0,0.0,10,0,"3,3",영어강의(Delivered in English)
120,NB553,01,질량분석과 단백체학(이),교선필수,교과,이론,기초공학,MIREBraiN,3.0,3.0,0.0,10,0,"3,3",영어강의(Delivered in English)
121,NB606,01,중개 의학 개론(이.공),교선필수,교과,이론,기초공학,MIREBraiN,3.0,3.0,0.0,10,0,"3,3",영어강의(Delivered in English)
122,NB607,01,생명과학도를 위한 주요 질환 소개(이.공),교선필수,교과,이론,기초공학,MIREBraiN,3.0,3.0,0.0,10,0,"3,3",영어강의(Delivered in English)
123,RT512,01,생체신호 측정 및 처리(공),교선필수,교과,이론,기초공학,MIREBraiN,3.0,3.0,0.0,20,0,"3,3",영어강의(Delivered in English)
124,RT623,01,"나노과학 기술입문(이,공)",교선필수,교과,이론,기초공학,MIREBraiN,3.0,3.0,0.0,20,0,"3,3",영어강의(Delivered in English)
125,RT624,01,모터시스템제어(공),교선필수,교과,이론,기초공학,MIREBraiN,3.0,3.0,0.0,20,0,"3,3",영어강의(Delivered in English)
126,SE102a,01,다변수 미적분학,공통필수,교과,이론및실습,기초과학,수학,3.0,3.0,1.0,60,0,"3,3","동일과목 : (SE102) 다변수 미적분학, (SE114) 다변수 미적분학 연습"
127,SE102a,02,다변수 미적분학,공통필수,교과,이론및실습,기초과학,수학,3.0,3.0,1.0,60,0,"3,3","동일과목 : (SE102) 다변수 미적분학, (SE114) 다변수 미적분학 연습"
128,SE102a,03,다변수 미적분학,공통필수,교과,이론및실습,기초과학,수학,3.0,3.0,1.0,60,0,"3,3","동일과목 : (SE102) 다변수 미적분학, (SE114) 다변수 미적분학 연습"
129,SE102a,04,다변수 미적분학,공통필수,교과,이론및실습,기초과학,수학,3.0,3.0,1.0,60,0,"3,3","동일과목 : (SE102) 다변수 미적분학, (SE114) 다변수 미적분학 연습"
130,SE105,01,전자기학,공통필수,교과,이론,기초과학,물리,3.0,3.0,0.0,65,0,"3,3",
131,SE105,02,전자기학,공통필수,교과,이론,기초과학,물리,3.0,3.0,0.0,65,0,"3,3",
132,SE105a,01,전자기학-심화,공통필수,교과,이론,기초과학,물리,3.0,3.0,0.0,65,0,"3,3",
133,SE105b,01,전자기학-기초,공통필수,교과,이론,기초과학,물리,3.0,3.0,0.0,65,0,"3,3",
134,SE106,01,전자기학실험,공통필수,교과,실습,기초과학,물리,1.0,0.0,2.0,20,0,4,
135,SE106,02,전자기학실험,공통필수,교과,실습,기초과학,물리,1.0,0.0,2.0,20,0,4,
136,SE106,03,전자기학실험,공통필수,교과,실습,기초과학,물리,1.0,0.0,2.0,20,0,4,
137,SE106,04,전자기학실험,공통필수,교과,실습,기초과학,물리,1.0,0.0,2.0,20,0,4,
138,SE106,05,전자기학실험,공통필수,교과,실습,기초과학,물리,1.0,0.0,2.0,20,0,4,
139,SE106,06,전자기학실험,공통필수,교과,실습,기초과학,물리,1.0,0.0,2.0,20,0,4,
140,SE106,07,전자기학실험,공통필수,교과,실습,기초과학,물리,1.0,0.0,2.0,20,0,4,
141,SE108a,01,기초화학실험,공통필수,교과,실습,기초과학,화학,1.0,0.0,2.0,22,0,4,동일과목 : (SE108) 기초화학실험 I
142,SE108a,02,기초화학실험,공통필수,교과,실습,기초과학,화학,1.0,0.0,2.0,22,0,4,동일과목 : (SE108) 기초화학실험 I
143,SE108a,03,기초화학실험,공통필수,교과,실습,기초과학,화학,1.0,0.0,2.0,22,0,4,동일과목 : (SE108) 기초화학실험 I
144,SE108a,04,기초화학실험,공통필수,교과,실습,기초과학,화학,1.0,0.0,2.0,22,0,4,동일과목 : (SE108) 기초화학실험 I
145,SE108a,05,기초화학실험,공통필수,교과,실습,기초과학,화학,1.0,0.0,2.0,22,0,4,동일과목 : (SE108) 기초화학실험 I
146,SE108a,06,기초화학실험,공통필수,교과,실습,기초과학,화학,1.0,0.0,2.0,22,0,4,동일과목 : (SE108) 기초화학실험 I
147,SE108a,07,기초화학실험,공통필수,교과,실습,기초과학,화학,1.0,0.0,2.0,22,0,4,동일과목 : (SE108) 기초화학실험 I
148,SE108a,08,기초화학실험,공통필수,교과,실습,기초과학,화학,1.0,0.0,2.0,22,0,4,동일과목 : (SE108) 기초화학실험 I
149,SE108a,09,기초화학실험,공통필수,교과,실습,기초과학,화학,1.0,0.0,2.0,22,0,4,동일과목 : (SE108) 기초화학실험 I
150,SE108a,10,기초화학실험,공통필수,교과,실습,기초과학,화학,1.0,0.0,2.0,22,0,4,동일과목 : (SE108) 기초화학실험 I
151,SE109,01,화학 반응의 이해,공통필수,교과,이론,기초과학,화학,3.0,3.0,0.0,55,0,"3,3",
152,SE109,02,화학 반응의 이해,공통필수,교과,이론,기초과학,화학,3.0,3.0,0.0,55,0,"3,3",
153,SE109,03,화학 반응의 이해,공통필수,교과,이론,기초과학,화학,3.0,3.0,0.0,55,0,"3,3",
154,SE109,04,화학 반응의 이해,공통필수,교과,이론,기초과학,화학,3.0,3.0,0.0,55,0,"3,3",
155,SE111,01,분자와 생명현상,공통필수,교과,이론,기초과학,생물,3.0,3.0,0.0,60,0,"3,3",
156,SE111,02,분자와 생명현상,공통필수,교과,이론,기초과학,생물,3.0,3.0,0.0,60,0,"3,3",
157,SE111a,01,분자와 생명현상-심화,공통필수,교과,이론,기초과학,생물,3.0,3.0,0.0,60,0,"3,3",
158,SE111b,01,분자와 생명현상-기초,공통필수,교과,이론,기초과학,생물,3.0,3.0,0.0,60,0,"3,3",
159,SE112,01,분자와 생명현상 실험,공통필수,교과,실습,기초과학,생물,1.0,0.0,2.0,24,0,4,
160,SE112,02,분자와 생명현상 실험,공통필수,교과,실습,기초과학,생물,1.0,0.0,2.0,24,0,4,
161,SE112,03,분자와 생명현상 실험,공통필수,교과,실습,기초과학,생물,1.0,0.0,2.0,24,0,4,
162,SE112,04,분자와 생명현상 실험,공통필수,교과,실습,기초과학,생물,1.0,0.0,2.0,24,0,4,
163,SE112,05,분자와 생명현상 실험,공통필수,교과,실습,기초과학,생물,1.0,0.0,2.0,24,0,4,
164,SE112,06,분자와 생명현상 실험,공통필수,교과,실습,기초과학,생물,1.0,0.0,2.0,24,0,4,
165,SE112,07,분자와 생명현상 실험,공통필수,교과,실습,기초과학,생물,1.0,0.0,2.0,0,0,4,
166,SE118,01,디자인 사고,공통필수,교과,이론,기초공학,디자인 사고,3.0,3.0,0.0,45,0,6,동일과목 : (SE302) 디자인공학
167,SE118,02,디자인 사고,공통필수,교과,이론,기초공학,디자인 사고,3.0,3.0,0.0,45,0,6,동일과목 : (SE302) 디자인공학
168,SE202b,01,복합 공학 수학,공통필수,교과,이론및실습,기초과학,수학,3.0,3.0,1.0,15,0,"3,3","동일과목 : (SE202) 복합 공학 수학, (SE209) 복합 공학 수학 연습 / 2014~2017학번에 한하여 신청 가능"
169,SE202b,02,복합 공학 수학,공통필수,교과,이론및실습,기초과학,수학,3.0,3.0,1.0,15,0,"3,3","동일과목 : (SE202) 복합 공학 수학, (SE209) 복합 공학 수학 연습 / 2014~2017학번에 한하여 신청 가능"
170,SE202c,01,복합 공학 수학 - 심화,공통필수,교과,이론및실습,기초과학,수학,3.0,3.0,1.0,15,0,"3,3","동일과목 : (SE202a) 복합 공학 수학 - 심화, (SE209a) 복합 공학 수학 연습  - 심화 / 2014~2017학번만 신청 가능"
171,SE206a,01,확률과 통계 및 실습,공통필수,교과,이론및실습,기초과학,수학,3.0,3.0,1.0,55,0,"3,3","동일과목 : (SE206) 확률과 통계(이론), (SE211) 확률과 통계(실습) / 2018학번 이후 학번만 신청 가능"
172,SE206a,02,확률과 통계 및 실습,공통필수,교과,이론및실습,기초과학,수학,3.0,3.0,1.0,55,0,"3,3","동일과목 : (SE206) 확률과 통계(이론), (SE211) 확률과 통계(실습) / 2018학번 이후 학번만 신청 가능"
173,SE211a,01,확률과 통계 및 실습,공통필수,교과,이론및실습,기초공학,통계,3.0,3.0,1.0,15,0,"3,3","동일과목 : (SE206) 확률과 통계(이론), (SE211) 확률과 통계(실습) / 2014~2017학번만 신청 가능"
174,SE211a,02,확률과 통계 및 실습,공통필수,교과,이론및실습,기초공학,통계,3.0,3.0,1.0,15,0,"3,3","동일과목 : (SE206) 확률과 통계(이론), (SE211) 확률과 통계(실습) / 2014~2017학번만 신청 가능"
175,SE212,01,세포와 생명현상,공통필수,교과,이론,기초과학,생물,2.0,2.0,0.0,30,0,4,2014~2017학번만 신청 가능
176,SE214a,01,자동제어시스템(이론),공통필수,교과,이론,기초공학,자동제어,2.0,2.0,0.0,55,0,4,"동일과목 : (SE301) 자동제어시스템, (SE301a) 자동제어시스템(이론)"
177,SE214a,02,자동제어시스템(이론),공통필수,교과,이론,기초공학,자동제어,2.0,2.0,0.0,55,0,4,"동일과목 : (SE301) 자동제어시스템, (SE301a) 자동제어시스템(이론)"
178,SE214a,03,자동제어시스템(이론),공통필수,교과,이론,기초공학,자동제어,2.0,2.0,0.0,55,0,4,"동일과목 : (SE301) 자동제어시스템, (SE301a) 자동제어시스템(이론)"
179,SE214a,04,자동제어시스템(이론),공통필수,교과,이론,기초공학,자동제어,2.0,2.0,0.0,55,0,4,"동일과목 : (SE301) 자동제어시스템, (SE301a) 자동제어시스템(이론)"
180,SE214b,01,자동제어시스템(실습),공통필수,교과,실습,기초공학,자동제어,1.0,0.0,2.0,27,0,4,"동일과목 : (SE301) 자동제어시스템, (SE301b) 자동제어시스템(실습)"
181,SE214b,02,자동제어시스템(실습),공통필수,교과,실습,기초공학,자동제어,1.0,0.0,2.0,27,0,4,"동일과목 : (SE301) 자동제어시스템, (SE301b) 자동제어시스템(실습)"
182,SE214b,03,자동제어시스템(실습),공통필수,교과,실습,기초공학,자동제어,1.0,0.0,2.0,27,0,4,"동일과목 : (SE301) 자동제어시스템, (SE301b) 자동제어시스템(실습)"
183,SE214b,04,자동제어시스템(실습),공통필수,교과,실습,기초공학,자동제어,1.0,0.0,2.0,27,0,4,"동일과목 : (SE301) 자동제어시스템, (SE301b) 자동제어시스템(실습)"
184,SE214b,05,자동제어시스템(실습),공통필수,교과,실습,기초공학,자동제어,1.0,0.0,2.0,27,0,4,"동일과목 : (SE301) 자동제어시스템, (SE301b) 자동제어시스템(실습)"
185,SE214b,06,자동제어시스템(실습),공통필수,교과,실습,기초공학,자동제어,1.0,0.0,2.0,27,0,4,"동일과목 : (SE301) 자동제어시스템, (SE301b) 자동제어시스템(실습)"
186,SE214b,07,자동제어시스템(실습),공통필수,교과,실습,기초공학,자동제어,1.0,0.0,2.0,27,0,4,"동일과목 : (SE301) 자동제어시스템, (SE301b) 자동제어시스템(실습)"
187,SE214b,08,자동제어시스템(실습),공통필수,교과,실습,기초공학,자동제어,1.0,0.0,2.0,27,0,4,"동일과목 : (SE301) 자동제어시스템, (SE301b) 자동제어시스템(실습)"
188,SE221c,01,복소함수론 (이.공),교선필수,교과,이론및실습,기초과학,수학,3.0,3.0,1.0,50,0,"3,3","동일과목 : (SE221) 복합 공학 수학 – 심화 (이), (SE221a) 복합 공학 수학 - 심화 연습 (이), (SE221b) 복합 공학 수학 – 심화 (이) / 2018학번 이후 학번만 신청 가능"
189,SE222c,01,"복합 공학 수학 (이, 공)",교선필수,교과,이론및실습,기초과학,수학,3.0,3.0,1.0,50,0,"3,3","동일과목 : (SE222) 복합 공학 수학 (이), (SE222a) 복합 공학 수학 연습 (이), (SE222b) 복합 공학 수학 (이)  / 2018학번 이후 학번만 신청 가능"
190,SE222c,02,"복합 공학 수학 (이, 공)",교선필수,교과,이론및실습,기초과학,수학,3.0,3.0,1.0,50,0,"3,3","동일과목 : (SE222) 복합 공학 수학 (이), (SE222a) 복합 공학 수학 연습 (이), (SE222b) 복합 공학 수학 (이)  / 2018학번 이후 학번만 신청 가능"
191,SE232a,01,열 및 통계 물리 (이.공),교선필수,교과,이론,기초과학,물리,3.0,3.0,0.0,65,0,"3,3","동일과목 : (SE232) 열 및 통계 물리(이론) (이.공), (SE234) 열 및 통계 물리(실습) (이.공)"
192,SE237,01,전기역학(이.공),교선필수,교과,이론,기초과학,물리,3.0,3.0,0.0,65,0,"3,3",
193,SE245c,01,유기화학의 이해 (이),교선필수,교과,이론,기초과학,화학,3.0,3.0,0.0,50,0,"3,3","동일과목 : (SE243) 유기화학의 이해(이론) (이), (SE244) 유기화학의 이해(실습) (이), (SE245a) 유기화학의 이해(이론) (이), (SE245b) 유기화학의 이해(실습) (이) /  2014~2017학번만 신청 가능"
194,SE245e,01,유기화학 Ⅱ (이),교선필수,교과,이론,기초과학,화학,3.0,3.0,0.0,50,0,"3,3","동일과목 : (SE345) 유기반응의 이해 (이), (SE345a) 유기화학 Ⅱ (이) / 2018학번 이후 학번만 신청 가능"
195,SE246d,01,무기화학 Ⅰ (이),교선필수,교과,이론,기초과학,화학,3.0,3.0,0.0,50,0,"3,3","동일과목 : (SE240) 합성으로 이루어진 세상(이), (SE246a) 합성으로 이루어진 세상(이론) (이), (SE246b) 합성으로 이루어진 세상(실습) (이), (SE246c) 합성으로 이루어진 세상 (이)"
196,SE248a,01,물리화학Ⅰ (이),교선필수,교과,이론,기초과학,화학,3.0,3.0,0.0,50,0,"3,3","동일과목 : (SE248) 화학속의 물리학 (이), (SE340) 화학속의 물리학 (이)"
197,SE249b,01,화학공학개론 (공),교선필수,교과,이론,기초과학,화학,3.0,3.0,0.0,50,0,"3,3",
198,SE252,01,생명과학실험 II (이),교선필수,교과,실습,기초과학,생물,3.0,0.0,6.0,24,0,"6,6",
199,SE252,02,생명과학실험 II (이),교선필수,교과,실습,기초과학,생물,3.0,0.0,6.0,24,0,"6,6",
200,SE253,01,유전자의 구조와 발현(이),교선필수,교과,이론,기초과학,생물,3.0,3.0,0.0,30,0,"3,3",2018학번 이후 학번만 신청 가능
201,SE253,02,유전자의 구조와 발현(이),교선필수,교과,이론,기초과학,생물,3.0,3.0,0.0,30,0,"3,3",2018학번 이후 학번만 신청 가능
202,SE271,01,객체지향 프로그래밍 (이.공),교선필수,교과,이론,기초공학,MIREBraiN,3.0,3.0,0.0,50,0,"3,3",동일과목 : (SE375) 객체지향 프로그래밍 (이.공)
203,SE272,01,디자인 기획과 전략(공),교선필수,교과,이론,기초공학,MIREBraiN,3.0,3.0,0.0,30,0,6,
204,SE324a,01,수치해석 (이.공),교선필수,교과,이론,기초과학,수학,3.0,3.0,0.0,50,0,"3,3","동일과목 : (SE324) 수치해석 (이.공), (SE422) 수치해석 (이.공)"
205,SE325,01,편미분 방정식 (이.공),교선필수,교과,이론,기초과학,수학,3.0,3.0,0.0,50,0,"3,3",
206,SE327a,01,고급대수 (이),교선필수,교과,이론,기초과학,수학,3.0,3.0,0.0,50,0,"3,3",동일과목 : (SE327) 수학특강(이) / 영어강의(Delivered in English)
207,SE328,01,위상수학(이),교선필수,교과,이론,기초과학,수학,3.0,3.0,0.0,50,0,"3,3",영어강의(Delivered in English)
208,SE333a,01,양자역학의 응용 (이.공),교선필수,교과,이론,기초과학,물리,3.0,3.0,0.0,30,0,"3,3",동일과목 : (SE333) 양자역학과 나노물리 (이.공) / 영어강의(Delivered in English)
209,SE334a,01,고체물리 (이.공),교선필수,교과,이론,기초과학,물리,3.0,3.0,0.0,60,0,"3,3",동일과목 : (SE334) 고체의 성질 (이) / 영어강의(Delivered in English)
210,SE336,01,응용물리 실험(이.공),교선필수,교과,실습,기초과학,물리,2.0,0.0,4.0,24,0,"4,4",
211,SE345,01,유기반응의 이해 (이),교선필수,교과,이론,기초과학,화학,3.0,3.0,0.0,50,0,"3,3",영어강의(Delivered in English) / 2014~2017학번만 신청 가능
212,SE346b,01,심화화학실험 Ⅱ (물리.무기화학)(이),교선필수,교과,실습,기초과학,화학,2.0,0.0,4.0,18,0,"4,4",
213,SE346b,02,심화화학실험 Ⅱ (물리.무기화학)(이),교선필수,교과,실습,기초과학,화학,2.0,0.0,4.0,18,0,"4,4",
214,SE350,01,생명과학특강 I (이),교선필수,교과,이론,기초과학,생물,3.0,3.0,0.0,24,0,"3,3",
215,SE354,01,생명현상의 정량적 이해 (이),교선필수,교과,이론,기초과학,생물,3.0,3.0,0.0,45,0,"3,3",
216,SE356,01,인체의 구조와 질병 (이),교선필수,교과,이론,기초과학,생물,3.0,3.0,0.0,45,0,"3,3",
217,SE358,01,분자생물학(이),교선필수,교과,이론,기초과학,생물,3.0,3.0,0.0,60,0,"3,3",
218,SE364,01,전기전자 공학 Ⅱ (이.공),교선필수,교과,이론,기초공학,MIREBraiN,3.0,3.0,0.0,50,0,"3,3",영어강의(Delivered in English)
219,SE367,01,동역학 (공),교선필수,교과,이론,기초공학,MIREBraiN,3.0,3.0,0.0,0,0,"3,3",영어강의(Delivered in English)
220,SE374b,01,신경과학 Ⅱ (이),교선필수,교과,이론,기초공학,MIREBraiN,3.0,3.0,0.0,60,0,"3,3",
221,SE378,01,의공학개론 (공),교선필수,교과,이론,기초공학,MIREBraiN,3.0,3.0,0.0,0,0,"3,3",영어강의(Delivered in English)
222,SE380,01,컴퓨터 알고리즘 (이.공),교선필수,교과,이론,기초공학,MIREBraiN,3.0,3.0,0.0,50,0,"3,3",동일과목 : (SE361) 컴퓨터 공학 Ⅰ (이.공)  / 영어강의(Delivered in English)
223,SE383,01,공학적설계(공),교선필수,교과,이론,기초공학,MIREBraiN,3.0,3.0,0.0,24,0,6,영어강의(Delivered in English)
224,SE386,01,시스템의 통합적 모델링(공) ,교선필수,교과,이론,기초공학,MIREBraiN,3.0,3.0,0.0,30,0,"3,3",영어강의(Delivered in English)
225,SE388,01,기구학(공),교선필수,교과,이론,기초공학,MIREBraiN,3.0,3.0,0.0,0,0,"3,3",영어강의(Delivered in English)
226,SE389,01,인공지능 입문(이.공) ,교선필수,교과,이론,기초공학,MIREBraiN,3.0,3.0,0.0,30,0,"3,3",영어강의(Delivered in English)
227,SE389,02,인공지능 입문(이.공) ,교선필수,교과,이론,기초공학,MIREBraiN,3.0,3.0,0.0,30,0,"3,3",영어강의(Delivered in English)
228,SE423,01,비선형 동력계(이.공),교선필수,교과,이론,기초과학,수학,3.0,3.0,0.0,50,0,"3,3",
229,SE425a,01,응용수학특론 (이.공) - 행렬군 및 응용,교선필수,교과,이론,기초과학,수학,3.0,3.0,0.0,50,0,"3,3",동일과목 : (SE425) 응용수학방법론 (이.공) / 영어강의(Delivered in English)
230,SE434,01,응용물리특론(이.공),교선필수,교과,이론,기초과학,물리,3.0,3.0,0.0,24,0,"3,3",영어강의(Delivered in English)
231,SE451,01,감염과 면역 (이),교선필수,교과,이론,기초과학,생물,3.0,3.0,0.0,45,0,"3,3",영어강의(Delivered in English)
232,SE473,01,고체반응속도론(이.공),교선필수,교과,이론,기초공학,MIREBraiN,3.0,3.0,0.0,20,0,"3,3",
233,SE475,01,기계유체역학(공),교선필수,교과,이론,기초공학,MIREBraiN,3.0,3.0,0.0,20,0,"3,3",영어강의(Delivered in English)
